Từ vựng,Phát âm,Nghĩa,Chủ đề
Parent,/'peərənt/,Bố hoặc mẹ,Từ vựng về gia đình
Father,/ˈfɑː.ðər/,Bố,Từ vựng về gia đình
Mother,/ˈmʌð.ər/,Mẹ,Từ vựng về gia đình
A child,/tʃaɪld/,Con cái (số ít),Từ vựng về gia đình
Children,/ˈtʃɪl.drən/,Con cái (số nhiều),Từ vựng về gia đình
Son,/sʌn/,Con trai,Từ vựng về gia đình
Daughter,/ˈdɔː.tər/,Con gái,Từ vựng về gia đình
Twin,/twin/,sinh đôi,Từ vựng về gia đình
Triplet,/ˈtrɪp.lət/,sinh ba,Từ vựng về gia đình
Sibling,/ˈsɪb.lɪŋ/,Anh/ chị/ em ruột,Từ vựng về gia đình
Sister,/ˈsɪs.tər/,Chị gái,Từ vựng về gia đình
Brother,/ˈbrʌð.ər/,Anh trai,Từ vựng về gia đình
Husband,/ˈhʌz.bənd/,Chồng,Từ vựng về gia đình
Wife,/waɪf/,Vợ,Từ vựng về gia đình
Grandparent,/ˈɡrænpeərənt/,Ông hoặc bà,Từ vựng về gia đình
Grandmother,/ˈɡrænmʌðə(r)/,Bà ngoại/ bà nội,Từ vựng về gia đình
Grandfather,/ˈɡrænfɑːðə(r)/,Ông ngoại/ ông nội,Từ vựng về gia đình
Grandchild,/ˈɡræn.tʃaɪld/,Cháu,Từ vựng về gia đình
Grandson,/ˈɡræn.sʌn/,Cháu trai,Từ vựng về gia đình
Granddaughter,/ˈɡræn.dɔː.tər/,Cháu gái,Từ vựng về gia đình
Nephew,/ˈnev.juː/,Cháu trai,Từ vựng về gia đình
Niece,/niːs/,Cháu gái,Từ vựng về gia đình
Cousin,/ˈkʌz.ən/,Anh chị em họ,Từ vựng về gia đình
Uncle,/ˈʌŋ.kəl/,Chú/ bác trai/ cậu,Từ vựng về gia đình
Aunt,/ɑːnt/,Cô/ dì/ bác gái,Từ vựng về gia đình
Godfather,/ˈɡɒdˌfɑː.ðər/,Bố đỡ đầu,Từ vựng về gia đình
Godmother,/ˈɡɒdˌmʌð.ər/,Mẹ đỡ đầu,Từ vựng về gia đình
Godson,/ˈɡɒd.sʌn/,Con trai đỡ đầu,Từ vựng về gia đình
Goddaughter,/ˈɡɒdˌdɔː.tər/,Con gái đỡ đầu,Từ vựng về gia đình
Father-in-law,/ˈfɑː.ðər.ɪn.lɔː/,Bố chồng/ bố vợ,Từ vựng về gia đình
Mother-in-law,/ˈmʌð.ə.rɪn.lɔː/,Mẹ chồng/ mẹ vợ,Từ vựng về gia đình
Son-in-law,/ˈsʌn.ɪn.lɔː/,Con rể,Từ vựng về gia đình
Daughter-in-law,/ˈdɔː.tər.ɪn.lɔː/,Con dâu,Từ vựng về gia đình
Sister-in-law,/ˈsɪs.tə.rɪn.lɔː/,Chị dâu/ em dâu,Từ vựng về gia đình
Brother-in-law,/ˈbrʌð.ə.rɪn.lɔː/,Anh rể/ em rể,Từ vựng về gia đình
Relative,/ˈrel.ə.tɪv/,Họ hàng,Từ vựng về gia đình
Shirt,/ʃɜːt/,Áo sơ mi,Từ vựng về quần áo
T-shirt,/ˈtiː ʃɜːt/,Áo phông,Từ vựng về quần áo
Trousers,/ˈtraʊzəz/,Quần dài,Từ vựng về quần áo
Dress,/dres/,Đầm,Từ vựng về quần áo
Skirt,/skɜːt/,Chân váy,Từ vựng về quần áo
Coat,/kəʊt/,Áo khoác dài,Từ vựng về quần áo
Jacket,/ˈdʒækɪt/,Áo khoác,Từ vựng về quần áo
Sweater,/ˈswetə(r)/,Áo len,Từ vựng về quần áo
Jeans,/dʒiːnz/,Quần jeans,Từ vựng về quần áo
Cardigan,/ˈkɑːdɪɡən/,Áo ca-đi-gan,Từ vựng về quần áo
Pants,/pænts/,Quần dài,Từ vựng về quần áo
Shorts,/ʃɔːts/,Quần đùi,Từ vựng về quần áo
House dress,/haus dres/,Váy mặc ở nhà,Từ vựng về quần áo
Maternity dress,/mə’təniti dres/,Váy bầu,Từ vựng về quần áo
Wedding gown,/ˈwedɪŋ ɡaʊn/,Váy cưới,Từ vựng về quần áo
Blouse,/blaʊz/,Áo sơ mi nữ,Từ vựng về quần áo
Miniskirt,/ˈmɪniskɜːt/,Chân váy ngắn,Từ vựng về quần áo
Night gown,/naɪt ɡaʊn/,Đầm ngủ,Từ vựng về quần áo
Bib overalls,/ˈbɪb əʊvərɔːlz/,Quần sạc lô,Từ vựng về quần áo
Pyjamas,/pəˈdʒɑːməz/,Đồ pi-ya-ma,Từ vựng về quần áo
Bathrobe,/ˈbɑːθrəʊb/,Áo choàng tắm,Từ vựng về quần áo
Swimsuit,/ˈswɪmsuːt/,Đồ bơi,Từ vựng về quần áo
Pleated skirt,/plit kət/,Váy xếp ly,Từ vựng về quần áo
Blazer,/ˈbleɪzə(r)/,Áo khoác blazer,Từ vựng về quần áo
Tank top,/ˈtæŋk tɒp/,Áo ba lỗ,Từ vựng về quần áo
Evening dress,/ˈiːvnɪŋ dres/,Đầm dạ hội,Từ vựng về quần áo
Slip dress,/slɪp dres/,Đầm hai dây,Từ vựng về quần áo
Crop top,/ˈkrɒp tɒp/,Áo crop top,Từ vựng về quần áo
Leggings,/leɡɪŋz/,Quần ôm sát,Từ vựng về quần áo
Maxi,/ˈmæksi/,Đầmmaxi,Từ vựng về quần áo
acid rain,/ˈæsɪd reɪn/,mưa a xít,Từ vựng về môi trường
atmosphere,/ˈætməsfɪə/,khí quyển,Từ vựng về môi trường
biodiversity,/ˌbaɪoʊdəˈvərsət̮i/,sự đa dạng sinh học,Từ vựng về môi trường
catastrophe,/kəˈtæstrə/,thảm họa,Từ vựng về môi trường
climate,/ˈklaɪmət/,khí hậu,Từ vựng về môi trường
climate change,/ˈklaɪmət ʧeɪnʤ/,hiện tượng biến đổi khí hậu,Từ vựng về môi trường
creature,/ˈkriːʧə/,sinh vật,Từ vựng về môi trường
destruction,/dɪsˈtrʌkʃən/,sự phá hủy,Từ vựng về môi trường
disposal,/dɪsˈpəʊzəl/,sự vứt bỏ,Từ vựng về môi trường
desertication,/dɪˌzɜːtɪfɪˈkeɪʃən/,quá trình sa mạc hóa,Từ vựng về môi trường
deforestation,/dɪˌfɒrɪˈsteɪʃ(ə)n/,sự phá rừng,Từ vựng về môi trường
dust,/dʌst/,bụi bẩn,Từ vựng về môi trường
earthquake,/ˈɜːθkweɪk/,cơn động đất,Từ vựng về môi trường
ecology,/ɪˈkɒləʤi/,sinh thái học,Từ vựng về môi trường
ecosystem,/ˈiːkəʊˌsɪstəm/,hệ sinh thái,Từ vựng về môi trường
alternative energy,/ɔːlˈtɜːnətɪv ˈɛnəʤi/,năng lượng thay thế,Từ vựng về môi trường
environment,/ɪnˈvaɪrənmənt/,môi trường,Từ vựng về môi trường
environmentalist,/ɪnˌvaɪrənˈmentəlɪst/,nhà môi trường học,Từ vựng về môi trường
erosion,/ɪˈrəʊʒən/,sự xói mòn,Từ vựng về môi trường
exhaust,/ɪgˈzɔːst/,khí thải,Từ vựng về môi trường
famine,/ˈfæmɪn/,nạn đói,Từ vựng về môi trường
pesticide,/ˈpɛstɪsaɪd/,thuốc trừ sâu,Từ vựng về môi trường
fertilizer,/ˈfɜːtɪlaɪzə/,phân bón,Từ vựng về môi trường
greenhouse eect,/ˈgriːnhaʊs ɪˈfɛkt/,hiệu ứng nhà kính,Từ vựng về môi trường
industrial waste,/ɪnˈdʌstrɪəl weɪst/,chất thải công nghiệp,Từ vựng về môi trường
Aection,/əˈfɛkʃən/,"Sự yêu mến, sự quý trọng",Từ vựng về tính cách
Ambition,/æmˈbɪʃən/,"Ước mơ, khát vọng",Từ vựng về tính cách
Assurance,/əˈʃʊrəns/,"Sự tin tưởng, sự đảm bảo",Từ vựng về tính cách
Authenticity,/ɔːˌθɛntɪˈsɪti/,"Sự chân thật, tính xác thực",Từ vựng về tính cách
Boldness,/ˈbəʊldnəs/,"Sự dũng cảm, gan dạ",Từ vựng về tính cách
Bravery,/ˈbreɪvri/,"Sự can đảm, lòng dũng cảm",Từ vựng về tính cách
Calmness,/ˈkɑːmnəs/,Sự bình tĩnh,Từ vựng về tính cách
Carefulness,/ˈkeəfʊlnəs/,Sự cẩn thận,Từ vựng về tính cách
Charity,/ˈtʃærəti/,"Sự từ thiện, tình người",Từ vựng về tính cách
Compassion,/kəmˈpæʃən/,"Sự thông cảm, lòng trắc ẩn",Từ vựng về tính cách
Condence,/ˈkɒnfɪdəns/,"Sự tự tin, sự tin tưởng",Từ vựng về tính cách
Courage,/ˈkʌrɪdʒ/,"Sự can đảm, sự dũng mãnh",Từ vựng về tính cách
Creativity,/ˌkriːeɪˈtɪvəti/,"Sự sáng tạo, tính sáng tạo",Từ vựng về tính cách
Decisiveness,/dɪˈsaɪsɪvnəs/,"Sự quả quyết, sự kiên quyết",Từ vựng về tính cách
Determination,/dɪˌtɜːmɪˈneɪʃn/,"Sự quả quyết, sự kiên định",Từ vựng về tính cách
Diligence,/ˈdɪlɪdʒəns/,"Sự cần cù, sự siêng năng",Từ vựng về tính cách
Empathy,/ˈɛmpəθi/,"Sự đồng cảm, sự thông cảm",Từ vựng về tính cách
Enthusiasm,/ɪnˈθjuːziæzəm/,"Sự nhiệt tình, sự hăng hái",Từ vựng về tính cách
Faithfulness,/ˈfeɪθfʊlnəs/,"Sự trung thành, lòng trung thành",Từ vựng về tính cách
Flexibility,/ˌfleksəˈbɪləti/,"Sự linh hoạt, tính linh hoạt",Từ vựng về tính cách
Forgiveness,/fəˈɡɪvnəs/,"Sự tha thứ, sự khoan dung",Từ vựng về tính cách
Generosity,/ˌdʒenəˈrɒsəti/,"Sự rộng lượng, sự hào phóng",Từ vựng về tính cách
Gentleness,/ˈdʒentlnəs/,"Sự nhẹ nhàng, sự hiền dịu",Từ vựng về tính cách
Gratitude,/ˈɡrætɪtjuːd/,"Sự biết ơn, lòng biết ơn",Từ vựng về tính cách
Happiness,/ˈhæpɪnəs/,"Sự hạnh phúc, niềm vui",Từ vựng về tính cách
Harmony,/ˈhɑːməni/,"Sự hòa thuận, sự hài hòa",Từ vựng về tính cách
Honesty,/ˈɒnɪsti/,"Sự thật thà, tính trung thực",Từ vựng về tính cách
Humility,/hjuːˈmɪləti/,"Sự khiêm tốn, tính khiêm tốn",Từ vựng về tính cách
Humor,/ˈhjuːmə/,"Sự hài hước, tính hài hước",Từ vựng về tính cách
Innovation,/ˌɪnəʊˈveɪʃn/,"Sự đổi mới, tính đổi mới",Từ vựng về tính cách
Integrity,/ɪnˈteɡrəti/,"Sự toàn vẹn, tính liêm chính",Từ vựng về tính cách
Joy,/dʒɔɪ/,"Sự vui mừng, sự hạnh phúc",Từ vựng về tính cách
Kindness,/ˈkaɪndnəs/,"Sự tử tế, tính nhân từ",Từ vựng về tính cách
Loyalty,/ˈlɔɪəlti/,"Sự trung thành, tính trung thành",Từ vựng về tính cách
Mindfulness,/ˈmaɪndfʊlnəs/,"Sự tỉnh táo, tính tỉnh táo",Từ vựng về tính cách
Modesty,/ˈmɒdəsti/,"Sự khiêm nhường, tính khiêm nhường",Từ vựng về tính cách
Openness,/ˈəʊpənəs/,"Sự cởi mở, tính cởi mở",Từ vựng về tính cách
Amused,/ə’mju:zd/,vui vẻ,Từ vựng về cảm xúc
Delighted,/dɪˈlaɪtɪd/,rất hạnh phúc,Từ vựng về cảm xúc
Ecstatic,/ɪkˈstætɪk/,vô cùng hạnh phúc,Từ vựng về cảm xúc
Enthusiastic,/ɪnθju:zi’æstɪk/,nhiệt tình,Từ vựng về cảm xúc
Excited,/ɪkˈsaɪtɪd/,hứng thú,Từ vựng về cảm xúc
Great,/ɡreɪt/,tuyệt vời,Từ vựng về cảm xúc
Happy,/’hæpi/,hạnh phúc,Từ vựng về cảm xúc
Intrigued,/ɪnˈtriːɡd/,hiếu kỳ,Từ vựng về cảm xúc
Keen,/kiːn/,"ham thích, tha thiết",Từ vựng về cảm xúc
Nonplussed,/ˌnɒnˈplʌst/,ngạc nhiên đến nỗi không biết phải làm gì,Từ vựng về cảm xúc
Overwhelmed,/ˌoʊvərˈwelmd/,choáng ngợp,Từ vựng về cảm xúc
Over the moon,/ˈoʊvər ðəmuːn/,rất sung sướng,Từ vựng về cảm xúc
Overjoyed,/ˌoʊvərˈdʒɔɪd/,cực kỳ hứng thú,Từ vựng về cảm xúc
Positive,/ˈpɑːzətɪv/,lạc quan,Từ vựng về cảm xúc
Relaxed,/rɪˈlækst/,"thư giãn, thoải mái",Từ vựng về cảm xúc
Seething,/siːðɪŋ/,rất tức giận nhưng giấu kín,Từ vựng về cảm xúc
Surprised,/sə’praɪzd/,ngạc nhiên,Từ vựng về cảm xúc
Terric,/təˈrɪfɪk/,tuyệt vời,Từ vựng về cảm xúc
Wonderful,/ˈwʌndərfl/,tuyệt vời,Từ vựng về cảm xúc
mother,/ˈmʌð.ər/,mẹ,Từ vựng về mối quan hệ
father,/ˈfɑː.ðər/,ba,Từ vựng về mối quan hệ
brother,/ˈbrʌð.ər/,anh/em trai,Từ vựng về mối quan hệ
sister,/ˈsɪs.tər/,chị/em gái,Từ vựng về mối quan hệ
sibling,/ˈsɪb.lɪŋ/,anh/chị/em ruột,Từ vựng về mối quan hệ
uncle,/ˈʌŋ.kəl/,chú/bác,Từ vựng về mối quan hệ
aunt,/ɑːnt/,cô/dì,Từ vựng về mối quan hệ
nephew,/ˈnef.juː/,cháu trai,Từ vựng về mối quan hệ
niece,/niːs/,cháu gái,Từ vựng về mối quan hệ
cousin,/ˈkʌz.ən/,anh/chị/em họ hàng,Từ vựng về mối quan hệ
relative,/ˈrel.ə.tɪv/,họ hàng,Từ vựng về mối quan hệ
ancestor,/ˈæn.ses.tər/,tổ tiên,Từ vựng về mối quan hệ
descendant,/dɪˈsen.dənt/,hậu duệ,Từ vựng về mối quan hệ
wedding,/ˈwed.ɪŋ/,đám cưới,Từ vựng về mối quan hệ
reunion,/ˌriːˈjuː.njən/,tụ họp,Từ vựng về mối quan hệ
holiday,/ˈhɒl.ə.deɪ/,ngày lễ,Từ vựng về mối quan hệ
funeral,/ˈfjuː.nər.əl/,tang lễ,Từ vựng về mối quan hệ
inherit,/ɪnˈher.ɪt/,thừa kế,Từ vựng về mối quan hệ
adopt,/əˈdɒpt/,nhận nuôi,Từ vựng về mối quan hệ
nurture,/ˈnɜː.tʃər/,nuôi nấng,Từ vựng về mối quan hệ
acquaintance,/əˈkweɪn.təns/,người quen,Từ vựng về mối quan hệ
companion,/kəmˈpæn.jən/,bạn đồng hành,Từ vựng về mối quan hệ
classmate,/ˈklɑːs.meɪt/,bạn cùng lớp,Từ vựng về mối quan hệ
schoolmate,/ˈskuːl.meɪt/,bạn cùng trường,Từ vựng về mối quan hệ
aection,/əˈfɛkʃən/,"tình yêu, tình cảm",Từ vựng về tình yêu
passion,/ˈpæʃən/,"đammê, say mê",Từ vựng về tình yêu
devotion,/dɪˈvoʊʃən/,"tận tụy, sự tận hiến",Từ vựng về tình yêu
infatuation,/ɪnˌfætʃʊˈeɪʃən/,"sự mê hoặc, say đắm",Từ vựng về tình yêu
intimacy,/ˈɪntəməsi/,"sự gần gũi, thân mật",Từ vựng về tình yêu
romance,/roʊˈmæns/,tình yêu lãng mạn,Từ vựng về tình yêu
adoration,/ˌædəˈreɪʃən/,"sự sùng bái, tôn kính",Từ vựng về tình yêu
cherish,/ˈʧɛrɪʃ/,"yêu thương, quý trọng",Từ vựng về tình yêu
attraction,/əˈtrækʃən/,"sự hấp dẫn, lôi cuốn",Từ vựng về tình yêu
commitment,/kəˈmɪtmənt/,"sự cam kết, tận tụy",Từ vựng về tình yêu
enamored,/ɪˈnæmərd/,"mêmuội, si mê",Từ vựng về tình yêu
endearment,/ɪnˈdɪrmənt/,"lời yêu thương, lời quý mến",Từ vựng về tình yêu
fondness,/ˈfɑːndnəs/,"tình cảm, tình thương",Từ vựng về tình yêu
heartthrob,/ˈhɑːrtθrɑːb/,người khiến tim đập thình,Từ vựng về tình yêu
courtship,/ˈkɔːrtʃɪp/,"sự cầu hôn, sự tán tỉnh",Từ vựng về tình yêu
yearning,/ˈjɜːrnɪŋ/,"sự khát khao, sự mong mỏi",Từ vựng về tình yêu
tenderness,/ˈtɛndərnəs/,"sự ân cần, sự nhẹ nhàng",Từ vựng về tình yêu
delity,/fɪˈdɛlɪti/,"lòng trung thành, trung thực",Từ vựng về tình yêu
soulmate,/ˈsoʊlmeɪt/,"bạn tâm giao, hợp tâm hồn",Từ vựng về tình yêu
enamored,/ɪˈnæmərd/,"mêmuội, si mê",Từ vựng về tình yêu
appetizer,/ˈæpɪtaɪzər/,món khai vị,Từ vựng về đồ ăn
entree,/ˈɑːntreɪ/,món chính,Từ vựng về đồ ăn
cuisine,/kwɪˈzin/,ẩm thực,Từ vựng về đồ ăn
recipe,/ˈrɛsɪpi/,công thức nấu ăn,Từ vựng về đồ ăn
ingredient,/ɪnˈɡridiənt/,nguyên liệu,Từ vựng về đồ ăn
savory,/ˈseɪvəri/,"ngon mồm, đậm đà",Từ vựng về đồ ăn
spicy,/ˈspaɪsi/,cay,Từ vựng về đồ ăn
indulgent,/ɪnˈdʌlʤənt/,"phung phí, thỏa mãn",Từ vựng về đồ ăn
wholesome,/ˈhoʊl.səm/,"lành mạnh, bổ dưỡng",Từ vựng về đồ ăn
gourmet,/ˈɡʊrmeɪ/,ẩm thực tinh hoa,Từ vựng về đồ ăn
cuisine,/kwɪˈzin/,ẩm thực,Từ vựng về đồ ăn
delicious,/dɪˈlɪʃəs/,"ngon miệng, thơm ngon",Từ vựng về đồ ăn
buet,/ˈbʊfeɪ/,tiệc tự chọn,Từ vựng về đồ ăn
presentation,/ˌprɛzənˈteɪʃən/,"cách trình bày, thể hiện",Từ vựng về đồ ăn
simmer,/ˈsɪmər/,ninh nhỏ lửa,Từ vựng về đồ ăn
bake,/beɪk/,nướng,Từ vựng về đồ ăn
grill,/ɡrɪl/,nướng trên lửa than,Từ vựng về đồ ăn
steam,/stim/,hấp,Từ vựng về đồ ăn
sauté,/sɔːˈteɪ/,xào,Từ vựng về đồ ăn
garnish,/ˈɡɑːrnɪʃ/,"trang trí, điểm tô",Từ vựng về đồ ăn
coee,/ˈkɒ/,cà phê,Từ vựng về đồ uống
tea,/tiː/,trà,Từ vựng về đồ uống
juice,/dʒuːs/,nước trái cây,Từ vựng về đồ uống
water,/ˈwɔːtər/,nước,Từ vựng về đồ uống
soda,/ˈsoʊdə/,nước có ga,Từ vựng về đồ uống
milk,/mɪlk/,sữa,Từ vựng về đồ uống
smoothie,/ˈsmuːði/,sinh tố,Từ vựng về đồ uống
cocktail,/ˈkɑːkteɪl/,cocktail,Từ vựng về đồ uống
beer,/bɪr/,bia,Từ vựng về đồ uống
wine,/waɪn/,rượu vang,Từ vựng về đồ uống
champagne,/ʃæmˈpeɪn/,rượu sâm banh,Từ vựng về đồ uống
whiskey,/ˈwɪski/,rượu whiskey,Từ vựng về đồ uống
soda water,/ˈsoʊdə ˈwɔːtər/,nước suối có ga,Từ vựng về đồ uống
lemonade,/ˌlɛməˈneɪd/,nước chanh,Từ vựng về đồ uống
hot chocolate,/ˌhɒt ˈtʃɔːklət/,sữa nóng cacao,Từ vựng về đồ uống
iced tea,/aɪst tiː/,trà đá,Từ vựng về đồ uống
energy drink,/ˈɛnərdʒi drɪŋk/,nước giải khát,Từ vựng về đồ uống
fruit punch,/fruːt pʌntʃ/,nước trái cây có rượu,Từ vựng về đồ uống
herbal tea,/ˈhɜːrbəl tiː/,trà thảo dược,Từ vựng về đồ uống
soft drink,/sɒft drɪŋk/,"nước ngọt, nước có ga",Từ vựng về đồ uống
apple,/ˈæpəl/,quả táo,Từ vựng về trái cây
banana,/bəˈnænə/,quả chuối,Từ vựng về trái cây
orange,/ˈɔːrɪndʒ/,quả cam,Từ vựng về trái cây
strawberry,/ˈstrɔːbəri/,quả dâu tây,Từ vựng về trái cây
watermelon,/ˈwɔːtərmɛlən/,dưa hấu,Từ vựng về trái cây
pineapple,/ˈpaɪnˌæpəl/,quả dứa,Từ vựng về trái cây
mango,/ˈmæŋɡoʊ/,quả xoài,Từ vựng về trái cây
grape,/ɡreɪp/,quả nho,Từ vựng về trái cây
lemon,/ˈlɛmən/,quả chanh,Từ vựng về trái cây
cherry,/ˈʧɛri/,quả anh đào,Từ vựng về trái cây
peach,/piːʧ/,quả đào,Từ vựng về trái cây
pear,/pɛr/,quả lê,Từ vựng về trái cây
kiwi,/ˈkiwi/,quả kiwi,Từ vựng về trái cây
blueberry,/ˈbluːˌbɛri/,quả việt quất,Từ vựng về trái cây
raspberry,/ˈræzˌbɛri/,quả mâm xôi,Từ vựng về trái cây
avocado,/ˌævəˈkɑːdoʊ/,quả bơ,Từ vựng về trái cây
coconut,/ˈkoʊkəˌnʌt/,quả dừa,Từ vựng về trái cây
pomegranate,/ˈpɑːmɪɡrænɪt/,quả lựu,Từ vựng về trái cây
passion fruit,/ˈpæʃən ˌfruːt/,quả chanh dây,Từ vựng về trái cây
apricot,/ˈeɪprɪkɑːt/,quả mơ,Từ vựng về trái cây
carrot,/ˈkærət/,cà rốt,Từ vựng về rau củ quả
broccoli,/ˈbrɒkəli/,súp lơ xanh,Từ vựng về rau củ quả
lettuce,/ˈlɛtɪs/,rau diếp,Từ vựng về rau củ quả
cucumber,/ˈkjuːkʌmbər/,dưa chuột,Từ vựng về rau củ quả
tomato,/təˈmeɪtoʊ/,cà chua,Từ vựng về rau củ quả
spinach,/ˈspɪnɪʤ/,rau bina,Từ vựng về rau củ quả
cabbage,/ˈkæbɪʤ/,bắp cải,Từ vựng về rau củ quả
onion,/ˈʌnjən/,hành tây,Từ vựng về rau củ quả
garlic,/ˈɡɑːrlɪk/,tỏi,Từ vựng về rau củ quả
potato,/pəˈteɪtoʊ/,khoai tây,Từ vựng về rau củ quả
bell pepper,/bɛl ˈpɛpər/,ớt chuông,Từ vựng về rau củ quả
zucchini,/zuːˈkiːni/,bí đỏ,Từ vựng về rau củ quả
eggplant,/ˈɛɡˌplænt/,cà tím,Từ vựng về rau củ quả
cauliflower,/ˈkɑːlɪˌflaʊər/,bông cải trắng,Từ vựng về rau củ quả
pumpkin,/ˈpʌmpkɪn/,bí ngô,Từ vựng về rau củ quả
sweet potato,/swiːt pəˈteɪtoʊ/,khoai lang,Từ vựng về rau củ quả
asparagus,/əˈspærəɡəs/,măng tây,Từ vựng về rau củ quả
radish,/ˈrædɪʃ/,củ cải đỏ,Từ vựng về rau củ quả
beet,/bit/,củ cải đường,Từ vựng về rau củ quả
green bean,/ɡrin bin/,đậu bắp,Từ vựng về rau củ quả
shrimp,/ʃrɪmp/,tôm,Từ vựng về tên các loại hải sản
crab,/kræb/,cua,Từ vựng về tên các loại hải sản
lobster,/ˈlɑːbstər/,tôm hùm,Từ vựng về tên các loại hải sản
oyster,/ˈɔɪstər/,hàu,Từ vựng về tên các loại hải sản
scallop,/ˈskɒləp/,sò điệp,Từ vựng về tên các loại hải sản
clam,/klæm/,nghêu,Từ vựng về tên các loại hải sản
squid,/skwɪd/,mực,Từ vựng về tên các loại hải sản
octopus,/ˈɒktəpəs/,bạch tuộc,Từ vựng về tên các loại hải sản
mussels,/ˈmʌsəlz/,con trai,Từ vựng về tên các loại hải sản
sh,/fɪʃ/,cá,Từ vựng về tên các loại hải sản
salmon,/ˈsæmən/,cá hồi,Từ vựng về tên các loại hải sản
tuna,/ˈtuːnə/,cá ngừ,Từ vựng về tên các loại hải sản
cod,/kɒd/,cá tuyết,Từ vựng về tên các loại hải sản
haddock,/ˈhædək/,cá tuyết trắng,Từ vựng về tên các loại hải sản
sardine,/sɑːrˈdiːn/,cá mòi,Từ vựng về tên các loại hải sản
anchovy,/ˈænʧəvi/,cá cơm,Từ vựng về tên các loại hải sản
trout,/traʊt/,cá hồi nướng,Từ vựng về tên các loại hải sản
shrimp cocktail,/ʃrɪmp ˈkɒkteɪl/,món tôm sốt cocktail,Từ vựng về tên các loại hải sản
caviar,/ˈkæviɑːr/,trứng cá hồi,Từ vựng về tên các loại hải sản
calamari,/kəˈlæməri/,mực nướng,Từ vựng về tên các loại hải sản
Pho,/foʊ/,Pho,Từ vựng về tên các món ăn Việt Nam
Banh mi,/bænmiː/,Banh mi,Từ vựng về tên các món ăn Việt Nam
Fresh spring rolls,/frɛʃ sprɪŋ rəʊlz/,Gỏi cuốn,Từ vựng về tên các món ăn Việt Nam
Grilled pork with noodles,/ɡrɪld pɔːk wɪð ˈnuːdlz/,Bún chả,Từ vựng về tên các món ăn Việt Nam
Braised sh,/breɪzd fɪʃ/,Cá kho,Từ vựng về tên các món ăn Việt Nam
Shaking beef,/ˈʃeɪkɪŋ biːf/,Bò lúc lắc,Từ vựng về tên các món ăn Việt Nam
Broken rice,/ˈbrəʊkən raɪs/,Cơm tấm,Từ vựng về tên các món ăn Việt Nam
Vietnamese pancake,/ˌvjɛtnəˈmiːz ˈpænkeɪk/,Bánh xèo,Từ vựng về tên các món ăn Việt Nam
Grilled chicken,/ɡrɪld ˈʧɪkɪn/,Gà nướng,Từ vựng về tên các món ăn Việt Nam
Fried spring rolls,/fraɪd sprɪŋ rəʊlz/,Nem rán,Từ vựng về tên các món ăn Việt Nam
Crab noodle soup,/kræb ˈnuːdl suːp/,Bún riêu,Từ vựng về tên các món ăn Việt Nam
Sour soup,/ˈsaʊə suːp/,Canh chua,Từ vựng về tên các món ăn Việt Nam
Green papaya salad,/ɡriːn pəˈpaɪə ˈsæləd/,Gỏi đu đủ,Từ vựng về tên các món ăn Việt Nam
Steamed rice rolls,/stiːmd raɪs rəʊlz/,Bánh cuốn,Từ vựng về tên các món ăn Việt Nam
Fried sh,/fraɪd fɪʃ/,Cá chiên,Từ vựng về tên các món ăn Việt Nam
Beef stew,/biːf stjuː/,Bò kho,Từ vựng về tên các món ăn Việt Nam
Stir-fried noodles,/stɜː-fraɪd ˈnuːdlz/,Mì xào,Từ vựng về tên các món ăn Việt Nam
Fish cake,/fɪʃ keɪk/,Chả cá,Từ vựng về tên các món ăn Việt Nam
Water fern cake,/ˈwɔːtə fɜːn keɪk/,Bánh bèo,Từ vựng về tên các món ăn Việt Nam
Thick Noodle Soup,/θɪk ˈnuːdl suːp/,Bánh canh,Từ vựng về tên các món ăn Việt Nam
recipe,/ˈrɛsəpi/,công thức nấu ăn,Từ vựng về nấu ăn
ingredient,/ɪnˈɡriːdiənt/,nguyên liệu,Từ vựng về nấu ăn
utensil,/juːˈtɛnsəl/,dụng cụ nấu ăn,Từ vựng về nấu ăn
chopping board,/ˈʧɑːpɪŋ bɔːrd/,thớt cắt,Từ vựng về nấu ăn
knife,/naɪf/,dao,Từ vựng về nấu ăn
cutting,/ˈkʌtɪŋ/,cắt,Từ vựng về nấu ăn
peeling,/ˈpiːlɪŋ/,gọt,Từ vựng về nấu ăn
boiling,/ˈbɔɪlɪŋ/,sôi,Từ vựng về nấu ăn
frying,/ˈfraɪɪŋ/,chiên,Từ vựng về nấu ăn
baking,/ˈbeɪkɪŋ/,nướng,Từ vựng về nấu ăn
grilling,/ˈɡrɪlɪŋ/,nướng (lưới),Từ vựng về nấu ăn
sautéing,/sɔːˈteɪɪŋ/,xào,Từ vựng về nấu ăn
simmering,/ˈsɪmərɪŋ/,ninh,Từ vựng về nấu ăn
stirring,/ˈstɜːrɪŋ/,khuấy,Từ vựng về nấu ăn
whisking,/ˈwɪskɪŋ/,"đánh (trứng, kem)",Từ vựng về nấu ăn
marinating,/ˈmærɪneɪtɪŋ/,ướp (thịt),Từ vựng về nấu ăn
seasoning,/ˈsiːzənɪŋ/,gia vị,Từ vựng về nấu ăn
tasting,/ˈteɪstɪŋ/,nếm thử,Từ vựng về nấu ăn
garnish,/ˈɡɑːrnɪʃ/,trang trí,Từ vựng về nấu ăn
plating,/ˈpleɪtɪŋ/,dọn đĩa,Từ vựng về nấu ăn
painting,/ˈpeɪntɪŋ/,hội họa,Từ vựng về sở thích
photography,/fəˈtɑːɡrə/,nhiếp ảnh,Từ vựng về sở thích
gardening,/ˈɡɑːrdnɪŋ/,làm vườn,Từ vựng về sở thích
cooking,/ˈkʊkɪŋ/,nấu ăn,Từ vựng về sở thích
reading,/ˈriːdɪŋ/,đọc sách,Từ vựng về sở thích
writing,/ˈraɪtɪŋ/,viết,Từ vựng về sở thích
drawing,/ˈdrɔːɪŋ/,vẽ,Từ vựng về sở thích
hiking,/ˈhaɪkɪŋ/,leo núi,Từ vựng về sở thích
shing,/ˈfɪʃɪŋ/,câu cá,Từ vựng về sở thích
knitting,/ˈnɪtɪŋ/,đan len,Từ vựng về sở thích
dancing,/ˈdænsɪŋ/,khiêu vũ,Từ vựng về sở thích
playing guitar,/ˈpleɪɪŋ ɡɪˈtɑːr/,chơi guitar,Từ vựng về sở thích
playing piano,/ˈpleɪɪŋ piˈænoʊ/,chơi piano,Từ vựng về sở thích
playing chess,/ˈpleɪɪŋ ʧɛs/,chơi cờ,Từ vựng về sở thích
playing tennis,/ˈpleɪɪŋ ˈtɛnɪs/,chơi quần vợt,Từ vựng về sở thích
collecting stamps,/kəˈlɛktɪŋ stæmps/,sưu tập tem,Từ vựng về sở thích
birdwatching,/ˈbɜːrdˌwɑːʧɪŋ/,quan sát chim,Từ vựng về sở thích
playing video games,/ˈpleɪɪŋ ˈvɪdi.oʊ ɡeɪmz/,chơi game,Từ vựng về sở thích
cycling,/ˈsaɪklɪŋ/,đi xe đạp,Từ vựng về sở thích
hiking,/ˈhaɪkɪŋ/,đi bộ đường dài,Từ vựng về sở thích
melody,/ˈmɛlədi/,giai điệu,Từ vựng về âm nhạc
rhythm,/ˈrɪðəm/,nhịp điệu,Từ vựng về âm nhạc
harmony,/ˈhɑːrməni/,âm điệu,Từ vựng về âm nhạc
tempo,/ˈtɛmpoʊ/,nhịp độ,Từ vựng về âm nhạc
beat,/biːt/,nhịp,Từ vựng về âm nhạc
lyrics,/ˈlɪrɪks/,lời bài hát,Từ vựng về âm nhạc
chorus,/ˈkɔːrəs/,đoạn hợp xướng,Từ vựng về âm nhạc
verse,/vɜːrs/,đoạn hợp ca,Từ vựng về âm nhạc
solo,/ˈsoʊloʊ/,màn trình diễn đơn,Từ vựng về âm nhạc
duet,/ˈduːɛt/,hòa âm đôi,Từ vựng về âm nhạc
orchestra,/ˈɔːrkɪstrə/,dàn nhạc,Từ vựng về âm nhạc
conductor,/kənˈdʌktər/,người chỉ huy dàn nhạc,Từ vựng về âm nhạc
instrument,/ˈɪnstrəmənt/,nhạc cụ,Từ vựng về âm nhạc
piano,/piˈænoʊ/,đàn piano,Từ vựng về âm nhạc
guitar,/ɡɪˈtɑːr/,đàn guitar,Từ vựng về âm nhạc
violin,/ˈvaɪəlɪn/,đàn vi-ô-lông,Từ vựng về âm nhạc
trumpet,/ˈtrʌmpɪt/,kèn trumpet,Từ vựng về âm nhạc
drums,/drʌmz/,trống,Từ vựng về âm nhạc
voice,/vɔɪs/,giọng,Từ vựng về âm nhạc
concert,/ˈkɑːnsərt/,buổi hòa nhạc,Từ vựng về âm nhạc
shop,/ʃɑːp/,cửa hàng,Từ vựng về shopping
store,/stɔːr/,cửa hàng,Từ vựng về shopping
mall,/mɔːl/,trung tâmmua sắm,Từ vựng về shopping
market,/ˈmɑːrkɪt/,chợ,Từ vựng về shopping
customer,/ˈkʌstəmər/,khách hàng,Từ vựng về shopping
sale,/seɪl/,giảm giá,Từ vựng về shopping
discount,/ˈdɪskaʊnt/,giảm giá,Từ vựng về shopping
cashier,/kæˈʃɪər/,thu ngân,Từ vựng về shopping
receipt,/rɪˈsiːpt/,biên lai,Từ vựng về shopping
basket,/ˈbæskɪt/,giỏ,Từ vựng về shopping
cart,/kɑːrt/,xe đẩy hàng,Từ vựng về shopping
aisle,/aɪl/,lối đi,Từ vựng về shopping
checkout,/ˈtʃɛkaʊt/,quầy thanh toán,Từ vựng về shopping
payment,/ˈpeɪmənt/,thanh toán,Từ vựng về shopping
size,/saɪz/,kích cỡ,Từ vựng về shopping
tting room,/ˈfɪtɪŋ ruːm/,phòng thử đồ,Từ vựng về shopping
receipt,/rɪˈsiːpt/,biên lai,Từ vựng về shopping
sale,/seɪl/,giảm giá,Từ vựng về shopping
hanger,/ˈhæŋər/,móc treo áo,Từ vựng về shopping
shelf,/ʃɛlf/,kệ,Từ vựng về shopping
travel,/ˈtrævəl/,du lịch,Từ vựng về du lịch
trip,/trɪp/,chuyến đi,Từ vựng về du lịch
destination,/ˌdɛstɪˈneɪʃən/,điểm đến,Từ vựng về du lịch
itinerary,/aɪˈtɪnərəri/,lịch trình,Từ vựng về du lịch
tourist,/ˈtʊrɪst/,du khách,Từ vựng về du lịch
sightseeing,/ˈsaɪtˌsiːɪŋ/,tham quan,Từ vựng về du lịch
explore,/ɪkˈsplɔːr/,khám phá,Từ vựng về du lịch
adventure,/ədˈvɛnʧər/,cuộc phiêu lưu,Từ vựng về du lịch
accommodation,/əˌkɑːməˈdeɪʃən/,chỗ ở,Từ vựng về du lịch
hotel,/hoʊˈtɛl/,khách sạn,Từ vựng về du lịch
hostel,/ˈhɑːstəl/,nhà trọ,Từ vựng về du lịch
passport,/ˈpæspɔːrt/,hộ chiếu,Từ vựng về du lịch
visa,/ˈviːzə/,visa,Từ vựng về du lịch
luggage,/ˈlʌɡɪdʒ/,hành lý,Từ vựng về du lịch
airport,/ˈɛrˌpɔːrt/,sân bay,Từ vựng về du lịch
departure,/dɪˈpɑːrʧər/,khởi hành,Từ vựng về du lịch
arrival,/əˈraɪvəl/,đến nơi,Từ vựng về du lịch
currency,/ˈkɜːrənsi/,tiền tệ,Từ vựng về du lịch
exchange,/ɪksˈʧeɪndʒ/,trao đổi,Từ vựng về du lịch
guide,/ɡaɪd/,hướng dẫn viên,Từ vựng về du lịch
photography,/fəˈtɑːɡrə/,nhiếp ảnh,Từ vựng về du lịch
camera,/ˈkæmərə/,máy ảnh,Từ vựng về du lịch
lens,/lɛnz/,ống kính,Từ vựng về du lịch
shutter,/ˈʃʌtər/,cửa khẩu (trong máy ảnh),Từ vựng về du lịch
focus,/ˈfoʊkəs/,lấy nét,Từ vựng về du lịch
exposure,/ɪkˈspoʊʒər/,chụp sáng,Từ vựng về du lịch
aperture,/ˈæpərʧər/,khẩu độ,Từ vựng về du lịch
ISO,/ˌaɪɛsˈoʊ/,độ nhạy sáng ISO,Từ vựng về du lịch
shutter speed,/ˈʃʌtər spid/,tốc độ chụp,Từ vựng về du lịch
white balance,/waɪt ˈbæləns/,cân bằng trắng,Từ vựng về du lịch
composition,/ˌkɑːmpəˈzɪʃən/,cách bố trí,Từ vựng về du lịch
frame,/freɪm/,khung ảnh,Từ vựng về du lịch
exposure,/ɪkˈspoʊʒər/,sự tiếp xúc ánh sáng,Từ vựng về du lịch
zoom,/zuːm/,thu phóng,Từ vựng về du lịch
portrait,/ˈpɔːrtrɪt/,chân dung,Từ vựng về du lịch
landscape,/ˈlændskeɪp/,phong cảnh,Từ vựng về du lịch
aperture,/ˈæpərʧər/,giới hạn (trong ống kính),Từ vựng về du lịch
megapixel,/ˈmɛɡəˌpɪksəl/,triệu điểm ảnh,Từ vựng về du lịch
exposure,/ɪkˈspoʊʒər/,ánh sáng tiếp xúc,Từ vựng về du lịch
editing,/ˈɛdɪtɪŋ/,chỉnh sửa,Từ vựng về du lịch
entertainment,/ˌɛntərˈteɪnmənt/,giải trí,Từ vựng về giải trí
movie,/ˈmuːvi/,phim,Từ vựng về giải trí
theater,/ˈθiːətər/,"rạp hát, nhà hát",Từ vựng về giải trí
concert,/ˈkɑːnsərt/,buổi hòa nhạc,Từ vựng về giải trí
performance,/pərˈfɔːrməns/,biểu diễn,Từ vựng về giải trí
music,/ˈmjuːzɪk/,âm nhạc,Từ vựng về giải trí
dance,/dæns/,khiêu vũ,Từ vựng về giải trí
festival,/ˈfɛstəvəl/,lễ hội,Từ vựng về giải trí
exhibition,/ˌɛksɪˈbɪʃən/,triển lãm,Từ vựng về giải trí
art,/ɑːrt/,nghệ thuật,Từ vựng về giải trí
comedy,/ˈkɑːmədi/,hài kịch,Từ vựng về giải trí
drama,/ˈdrɑːmə/,kịch,Từ vựng về giải trí
performance,/pərˈfɔːrməns/,sự biểu diễn,Từ vựng về giải trí
actor,/ˈæktər/,diễn viên,Từ vựng về giải trí
actress,/ˈæktrəs/,nữ diễn viên,Từ vựng về giải trí
audience,/ˈɔːdiəns/,khán giả,Từ vựng về giải trí
ticket,/ˈtɪkɪt/,vé,Từ vựng về giải trí
applause,/əˈplɔːz/,tràng pháo tay,Từ vựng về giải trí
performer,/pərˈfɔːrmər/,nghệ sĩ,Từ vựng về giải trí
show,/ʃoʊ/,chương trình,Từ vựng về giải trí
action,/ˈækʃən/,hành động,Từ vựng về các thể loại phim
adventure,/ədˈvɛnʧər/,phiêu lưu,Từ vựng về các thể loại phim
comedy,/ˈkɑːmədi/,hài,Từ vựng về các thể loại phim
drama,/ˈdrɑːmə/,"kịch, tình cảm",Từ vựng về các thể loại phim
thriller,/ˈθrɪlər/,hồi hộp,Từ vựng về các thể loại phim
horror,/ˈhɔːrər/,kinh dị,Từ vựng về các thể loại phim
romance,/ˈroʊmæns/,tình cảm,Từ vựng về các thể loại phim
science ction,/ˈsaɪəns ˈfɪkʃən/,khoa học viễn tưởng,Từ vựng về các thể loại phim
fantasy,/ˈfæntəsi/,"huyền bí, ảo tưởng",Từ vựng về các thể loại phim
animation,/ˌænɪˈmeɪʃən/,hoạt hình,Từ vựng về các thể loại phim
musical,/ˈmjuːzɪkəl/,nhạc kịch,Từ vựng về các thể loại phim
documentary,/ˌdɑːkjəˈmɛntəri/,phim tài liệu,Từ vựng về các thể loại phim
crime,/kraɪm/,tội phạm,Từ vựng về các thể loại phim
suspense,/səˈspɛns/,"căng thẳng, hồi hộp",Từ vựng về các thể loại phim
western,/ˈwɛstərn/,phimmiền Tây,Từ vựng về các thể loại phim
historical,/hɪˈstɔːrɪkəl/,lịch sử,Từ vựng về các thể loại phim
thriller,/ˈθrɪlər/,ly kỳ,Từ vựng về các thể loại phim
war,/wɔːr/,chiến tranh,Từ vựng về các thể loại phim
romantic comedy,/roʊˈmæntɪk ˈkɑːmədi/,hài lãng mạn,Từ vựng về các thể loại phim
biopic,/ˈbaɪɑːpɪk/,phim truyện tiểu sử,Từ vựng về các thể loại phim
ction,/ˈfɪkʃən/,tiểu thuyết,Từ vựng về các thể loại sách
non-ction,/nɑnˈfɪkʃən/,phi hư cấu,Từ vựng về các thể loại sách
mystery,/ˈmɪstəri/,"bí ẩn, trinh thám",Từ vựng về các thể loại sách
romance,/ˈroʊmæns/,tình cảm,Từ vựng về các thể loại sách
science ction,/ˈsaɪəns ˈfɪkʃən/,khoa học viễn tưởng,Từ vựng về các thể loại sách
fantasy,/ˈfæntəsi/,huyền bí,Từ vựng về các thể loại sách
thriller,/ˈθrɪlər/,ly kỳ,Từ vựng về các thể loại sách
horror,/ˈhɔːrər/,kinh dị,Từ vựng về các thể loại sách
biography,/baɪˈɑːɡrə/,tiểu sử,Từ vựng về các thể loại sách
autobiography,/ˌɔːtoʊbaɪˈɑːɡrə/,tự truyện,Từ vựng về các thể loại sách
historical ction,/hɪˈstɔːrɪkəl ˈfɪkʃən/,tiểu thuyết lịch sử,Từ vựng về các thể loại sách
poetry,/ˈpoʊətri/,thơ,Từ vựng về các thể loại sách
drama,/ˈdrɑːmə/,kịch,Từ vựng về các thể loại sách
comedy,/ˈkɑːmədi/,hài,Từ vựng về các thể loại sách
thriller,/ˈθrɪlər/,"căng thẳng, hồi hộp",Từ vựng về các thể loại sách
adventure,/ədˈvɛnʧər/,phiêu lưu,Từ vựng về các thể loại sách
young adult,/jʌŋ ˈædʌlt/,thanh thiếu niên,Từ vựng về các thể loại sách
children's,/ˈtʃɪldrənz/,thiếu nhi,Từ vựng về các thể loại sách
self-help,/ˌsɛlf ˈhɛlp/,tự giúp bản thân,Từ vựng về các thể loại sách
historical romance,/hɪˈstɔːrɪkəl ˈroʊmæns/,tình cảm lịch sử,Từ vựng về các thể loại sách
beauty,/ˈbjuːti/,vẻ đẹp,Từ vựng về làm đẹp
attractive,/əˈtræktɪv/,hấp dẫn,Từ vựng về làm đẹp
radiant,/ˈreɪdiənt/,"rực rỡ, tươi sáng",Từ vựng về làm đẹp
glamorous,/ˈɡlæmərəs/,"quyến rũ, sang trọng",Từ vựng về làm đẹp
elegant,/ˈɛlɪɡənt/,"thanh lịch, tao nhã",Từ vựng về làm đẹp
stunning,/ˈstʌnɪŋ/,"ngoạn mục, gây ấn tượng",Từ vựng về làm đẹp
graceful,/ˈɡreɪsfəl/,"duyên dáng, uyển chuyển",Từ vựng về làm đẹp
charming,/ˈʧɑːrmɪŋ/,"quyến rũ, thu hút",Từ vựng về làm đẹp
flawless,/ˈflɔːlɪs/,"hoàn hảo, không tỳ vết",Từ vựng về làm đẹp
youthful,/ˈjuːθfəl/,"trẻ trung, tươi trẻ",Từ vựng về làm đẹp
vibrant,/ˈvaɪbrənt/,"sôi động, sáng láng",Từ vựng về làm đẹp
alluring,/əˈljʊrɪŋ/,"quyến rũ, lôi cuốn",Từ vựng về làm đẹp
sophisticated,/səˈfɪstɪkeɪtɪd/,"tinh vi, phức tạp",Từ vựng về làm đẹp
charming,/ˈʧɑːrmɪŋ/,"duyên dáng, lịch thiệp",Từ vựng về làm đẹp
glamorous,/ˈɡlæmərəs/,"hào nhoáng, sang trọng",Từ vựng về làm đẹp
stylish,/ˈstaɪlɪʃ/,"phong cách, lịch lãm",Từ vựng về làm đẹp
radiant,/ˈreɪdiənt/,"tươi sáng, tỏa sáng",Từ vựng về làm đẹp
attractive,/əˈtræktɪv/,"hấp dẫn, lôi cuốn",Từ vựng về làm đẹp
charming,/ˈʧɑːrmɪŋ/,"quyến rũ, dễ thương",Từ vựng về làm đẹp
graceful,/ˈɡreɪsfəl/,"duyên dáng, thanh nhã",Từ vựng về làm đẹp
sport,/spɔːrt/,môn thể thao,Từ vựng về các môn thể thao
athlete,/ˈæθliːt/,vận động viên,Từ vựng về các môn thể thao
team,/tiːm/,đội,Từ vựng về các môn thể thao
competition,/ˌkɒmpɪˈtɪʃən/,"cuộc thi, cạnh tranh",Từ vựng về các môn thể thao
tournament,/ˈtʊərnəmənt/,"giải đấu, giải thể thao",Từ vựng về các môn thể thao
referee,/ˈrɛfəriː/,trọng tài,Từ vựng về các môn thể thao
stadium,/ˈsteɪdiəm/,sân vận động,Từ vựng về các môn thể thao
coach,/koʊʧ/,huấn luyện viên,Từ vựng về các môn thể thao
champion,/ˈʧæmpiən/,nhà vô địch,Từ vựng về các môn thể thao
victory,/ˈvɪktəri/,chiến thắng,Từ vựng về các môn thể thao
defeat,/dɪˈːt/,thất bại,Từ vựng về các môn thể thao
medal,/ˈmɛdl/,huy chương,Từ vựng về các môn thể thao
record,/ˈrɛkɔːrd/,kỷ lục,Từ vựng về các môn thể thao
athlete,/ˈæθliːt/,vận động viên,Từ vựng về các môn thể thao
equipment,/ɪˈkwɪpmənt/,trang thiết bị,Từ vựng về các môn thể thao
tness,/ˈfɪtnəs/,thể lực,Từ vựng về các môn thể thao
endurance,/ɪnˈdʊrəns/,sức bền,Từ vựng về các môn thể thao
agility,/əˈʤɪləti/,sự nhanh nhẹn,Từ vựng về các môn thể thao
strength,/strɛŋθ/,sức mạnh,Từ vựng về các môn thể thao
flexibility,/ˌflɛksəˈbɪlɪti/,sự linh hoạt,Từ vựng về các môn thể thao
football,/ˈfʊtbɔːl/,bóng đá,Từ vựng về bóng đá
goal,/ɡoʊl/,bàn thắng,Từ vựng về bóng đá
player,/ˈpleɪər/,cầu thủ,Từ vựng về bóng đá
referee,/ˈrɛfəriː/,trọng tài,Từ vựng về bóng đá
team,/tiːm/,đội,Từ vựng về bóng đá
coach,/koʊʧ/,huấn luyện viên,Từ vựng về bóng đá
captain,/ˈkæptən/,đội trưởng,Từ vựng về bóng đá
match,/mætʃ/,trận đấu,Từ vựng về bóng đá
stadium,/ˈsteɪdiəm/,sân vận động,Từ vựng về bóng đá
dribble,/ˈdrɪbəl/,đi bóng,Từ vựng về bóng đá
pass,/pæs/,chuyền bóng,Từ vựng về bóng đá
shoot,/ʃuːt/,sút bóng,Từ vựng về bóng đá
tackle,/ˈtækəl/,"phá bóng, cắt bóng",Từ vựng về bóng đá
penalty,/ˈpɛnəlti/,đá phạt đền,Từ vựng về bóng đá
corner,/ˈkɔːrnər/,quả phạt góc,Từ vựng về bóng đá
header,/ˈhɛdər/,đánh đầu,Từ vựng về bóng đá
foul,/faʊl/,vi phạm,Từ vựng về bóng đá
oside,/ˈɔfˌsaɪd/,việt vị,Từ vựng về bóng đá
substitution,/ˌsʌbstɪˈtuːʃən/,thay người,Từ vựng về bóng đá
league,/liːɡ/,giải bóng đá,Từ vựng về bóng đá
house,/haʊs/,nhà,Từ vựng về nhà cửa
apartment,/əˈpɑːrtmənt/,căn hộ,Từ vựng về nhà cửa
bedroom,/ˈbɛdruːm/,phòng ngủ,Từ vựng về nhà cửa
living room,/ˈlɪvɪŋ ruːm/,phòng khách,Từ vựng về nhà cửa
kitchen,/ˈkɪʧɪn/,nhà bếp,Từ vựng về nhà cửa
bathroom,/ˈbæθruːm/,phòng tắm,Từ vựng về nhà cửa
balcony,/ˈbælkəni/,ban công,Từ vựng về nhà cửa
backyard,/ˈbækjɑːrd/,sân sau,Từ vựng về nhà cửa
garden,/ˈɡɑːrdən/,vườn,Từ vựng về nhà cửa
garage,/ˈɡærɑːʒ/,nhà để xe,Từ vựng về nhà cửa
roof,/ruːf/,mái nhà,Từ vựng về nhà cửa
wall,/wɔːl/,bức tường,Từ vựng về nhà cửa
floor,/flɔːr/,sàn,Từ vựng về nhà cửa
window,/ˈwɪndoʊ/,cửa sổ,Từ vựng về nhà cửa
door,/dɔːr/,cửa,Từ vựng về nhà cửa
staircase,/ˈstɛrkeɪs/,cầu thang,Từ vựng về nhà cửa
furniture,/ˈfɜːrnɪʧər/,nội thất,Từ vựng về nhà cửa
rent,/rɛnt/,"thuê, tiền thuê",Từ vựng về nhà cửa
landlord,/ˈlændlɔːrd/,"chủ nhà, chủ nhà trọ",Từ vựng về nhà cửa
tenant,/ˈtɛnənt/,người thuê nhà,Từ vựng về nhà cửa
kitchen,/ˈkɪʧɪn/,nhà bếp,Từ vựng về nhà bếp
stove,/stoʊv/,bếp,Từ vựng về nhà bếp
oven,/ˈʌvən/,lò nướng,Từ vựng về nhà bếp
refrigerator,/rɪˈfrɪʤəreɪtər/,tủ lạnh,Từ vựng về nhà bếp
microwave,/ˈmaɪkrəˌweɪv/,lò vi sóng,Từ vựng về nhà bếp
sink,/sɪŋk/,bồn rửa,Từ vựng về nhà bếp
faucet,/ˈfɔːsɪt/,vòi nước,Từ vựng về nhà bếp
dishwasher,/ˈdɪʃˌwɑːʃər/,máy rửa chén,Từ vựng về nhà bếp
countertop,/ˈkaʊntərˌtɑːp/,mặt bếp,Từ vựng về nhà bếp
cabinet,/ˈkæbənɪt/,tủ,Từ vựng về nhà bếp
cutting board,/ˈkʌtɪŋ bɔːrd/,thớt cắt,Từ vựng về nhà bếp
knife,/naɪf/,con dao,Từ vựng về nhà bếp
spoon,/spuːn/,cái thìa,Từ vựng về nhà bếp
fork,/fɔːrk/,cái nĩa,Từ vựng về nhà bếp
plate,/pleɪt/,đĩa,Từ vựng về nhà bếp
bowl,/boʊl/,tô,Từ vựng về nhà bếp
pot,/pɒt/,nồi,Từ vựng về nhà bếp
pan,/pæn/,chảo,Từ vựng về nhà bếp
whisk,/wɪsk/,cái đánh trứng,Từ vựng về nhà bếp
blender,/ˈblɛndər/,máy xay,Từ vựng về nhà bếp
Tet holiday,/tɛt ˈhɑlədeɪ/,Tết,Từ vựng về Tết
Lunar New Year,/ˈlunər njuː jɪr/,Tết Nguyên đán,Từ vựng về Tết
celebration,/ˌsɛləˈbreɪʃən/,lễ kỷ niệm,Từ vựng về Tết
family reunion,/ˈfæməli riːˈjunjən/,sum họp gia đình,Từ vựng về Tết
red envelope,/rɛd ɪnˈvɛloʊp/,phong bì đỏ,Từ vựng về Tết
recrackers,/ˈfaɪərˌkrækərz/,pháo hoa,Từ vựng về Tết
traditional,/trəˈdɪʃənəl/,truyền thống,Từ vựng về Tết
customs,/ˈkʌstəmz/,phong tục,Từ vựng về Tết
lion dance,/ˈlaɪən dæns/,múa lân,Từ vựng về Tết
dragon dance,/ˈdrægən dæns/,múa rồng,Từ vựng về Tết
ancestor worship,/ˈænsɛstər ˈwɜːrʃɪp/,thờ cúng tổ tiên,Từ vựng về Tết
traditional food,/trəˈdɪʃənəl fuːd/,đồ ăn truyền thống,Từ vựng về Tết
sticky rice cake,/ˈstɪki raɪs keɪk/,bánh chưng/bánh dày,Từ vựng về Tết
pickled vegetables,/ˈpɪkl̩d ˈvɛdʒtəbəlz/,dưa hành,Từ vựng về Tết
banh tet,/bʌn tɛt/,bánh tét,Từ vựng về Tết
ve-fruit tray,/faɪv-fruːt treɪ/,mâm ngũ quả,Từ vựng về Tết
ancestral altar,/ænˈsɛstərəl ˈɔːltər/,bàn thờ tổ tiên,Từ vựng về Tết
wishes,/ˈwɪʃɪz/,lời chúc,Từ vựng về Tết
cultural heritage,/ˈkʌlʧərəl ˈhɛrɪtɪʤ/,di sản văn hóa,Từ vựng về Tết
festive atmosphere,/ˈfɛstɪv ˈætˌmɑːsfɪr/,không khí lễ hội,Từ vựng về Tết
lifestyle,/ˈlaɪfˌstaɪl/,lối sống,Từ vựng về đời sống
routine,/ruˈtin/,lịch trình,Từ vựng về đời sống
healthy,/ˈhɛlθi/,lành mạnh,Từ vựng về đời sống
exercise,/ˈɛksərˌsaɪz/,tập luyện,Từ vựng về đời sống
diet,/ˈdaɪət/,chế độ ăn uống,Từ vựng về đời sống
balanced,/ˈbælənst/,cân đối,Từ vựng về đời sống
stress,/strɛs/,căng thẳng,Từ vựng về đời sống
relaxation,/ˌriːlækˈseɪʃən/,thư giãn,Từ vựng về đời sống
meditation,/ˌmɛdɪˈteɪʃən/,thiền,Từ vựng về đời sống
mindfulness,/ˈmaɪndfəlnəs/,tỉnh thức,Từ vựng về đời sống
sleep,/sliːp/,giấc ngủ,Từ vựng về đời sống
hobbies,/ˈhɑbiz/,sở thích,Từ vựng về đời sống
socialize,/ˈsoʊʃəˌlaɪz/,giao lưu,Từ vựng về đời sống
leisure,/ˈliʒər/,thời gian rảnh rỗi,Từ vựng về đời sống
self-care,/sɛlf-kɛr/,chăm sóc bản thân,Từ vựng về đời sống
mindfulness,/ˈmaɪndfəlnəs/,tỉnh thức,Từ vựng về đời sống
work-life balance,/wɜrk-laɪf ˈbæləns/,cân bằng công việc và cuộc sống,Từ vựng về đời sống
productivity,/ˌproʊˌdʌkˈtɪvəti/,năng suất,Từ vựng về đời sống
well-being,/wɛl ˈbiɪŋ/,sự khỏe mạnh,Từ vựng về đời sống
personal development,/ˈpɜrsənəl dɪˈvɛləpmənt/,phát triển cá nhân,Từ vựng về đời sống
dog,/dɔɡ/,chó,Từ vựng về con vật
cat,/kæt/,mèo,Từ vựng về con vật
lion,/ˈlaɪən/,sư tử,Từ vựng về con vật
tiger,/ˈtaɪɡər/,hổ,Từ vựng về con vật
elephant,/ˈɛləfənt/,voi,Từ vựng về con vật
girae,/dʒəˈræf/,hươu cao cổ,Từ vựng về con vật
monkey,/ˈmʌŋki/,khỉ,Từ vựng về con vật
bear,/bɛr/,gấu,Từ vựng về con vật
dolphin,/ˈdɒlfɪn/,cá heo,Từ vựng về con vật
shark,/ʃɑrk/,cá mập,Từ vựng về con vật
horse,/hɔrs/,ngựa,Từ vựng về con vật
cow,/kaʊ/,bò,Từ vựng về con vật
sheep,/ʃip/,cừu,Từ vựng về con vật
rabbit,/ˈræbɪt/,thỏ,Từ vựng về con vật
bird,/bɜrd/,chim,Từ vựng về con vật
butterfly,/ˈbʌtərflaɪ/,bướm,Từ vựng về con vật
sh,/fɪʃ/,cá,Từ vựng về con vật
snake,/sneɪk/,rắn,Từ vựng về con vật
spider,/ˈspaɪdər/,nhện,Từ vựng về con vật
turtle,/ˈtɜrtl̩/,rùa,Từ vựng về con vật
rose,/roʊz/,hoa hồng,Từ vựng về con vật
sunflower,/ˈsʌnˌflaʊər/,hoa hướng dương,Từ vựng về con vật
daisy,/ˈdeɪzi/,cúc,Từ vựng về con vật
tulip,/ˈtjuːlɪp/,hoa tulip,Từ vựng về con vật
lily,/ˈlɪli/,hoa huệ,Từ vựng về con vật
orchid,/ˈɔrkɪd/,hoa lan,Từ vựng về con vật
daodil,/ˈdæfəˌdɪl/,hoa thuỷ tiên,Từ vựng về con vật
carnation,/kɑrˈneɪʃən/,hoa cẩm chướng,Từ vựng về con vật
lavender,/ˈlævəndər/,hoa oải hương,Từ vựng về con vật
peony,/ˈpiːni/,hoa mẫu đơn,Từ vựng về con vật
hibiscus,/hɪˈbɪskəs/,hoa bụp giấm,Từ vựng về con vật
cherry blossom,/ˈtʃɛri ˈblɑsəm/,hoa anh đào,Từ vựng về con vật
marigold,/ˈmærɪˌgoʊld/,hoa cúc vạn thọ,Từ vựng về con vật
jasmine,/ˈdʒæzmɪn/,hoa nhài,Từ vựng về con vật
chrysanthemum,/krɪˈsænθəməm/,hoa cúc,Từ vựng về con vật
violet,/ˈvaɪələt/,hoa violet,Từ vựng về con vật
geranium,/dʒəˈreɪniəm/,hoa giấy,Từ vựng về con vật
iris,/ˈaɪrɪs/,hoa diên vĩ,Từ vựng về con vật
lotus,/ˈloʊtəs/,hoa sen,Từ vựng về con vật
dahlia,/ˈdeɪliə/,hoa huệ tây,Từ vựng về con vật
Christmas,/ˈkrɪsməs/,Giáng sinh,Từ vựng về Giáng sinh
Santa Claus,/ˈsæntə klɔz/,Ông già Noel,Từ vựng về Giáng sinh
Christmas tree,/ˈkrɪsməs triː/,Cây thông Noel,Từ vựng về Giáng sinh
Decorations,/ˌdɛkəˈreɪʃənz/,Trang trí,Từ vựng về Giáng sinh
Gifts,/ɡɪfts/,Quà tặng,Từ vựng về Giáng sinh
Stockings,/ˈstɑkɪŋz/,Ống túi đựng quà,Từ vựng về Giáng sinh
Reindeer,/ˈreɪnˌdɪr/,Tuần lộc,Từ vựng về Giáng sinh
Sleigh,/sleɪ/,Xe trượt tuyết,Từ vựng về Giáng sinh
Snowman,/ˈsnoʊˌmæn/,Người tuyết,Từ vựng về Giáng sinh
Mistletoe,/ˈmɪsəlˌtoʊ/,Cây phù dung,Từ vựng về Giáng sinh
Holly,/ˈhɑli/,Cây nguyệt quế,Từ vựng về Giáng sinh
Wreath,/riːθ/,Vòng hoa,Từ vựng về Giáng sinh
Carols,/ˈkærəlz/,Bài hát Giáng sinh,Từ vựng về Giáng sinh
Nativity,/nəˈtɪvəti/,Màn trình diễn Giáng sinh,Từ vựng về Giáng sinh
Candles,/ˈkændəlz/,Nến,Từ vựng về Giáng sinh
Gingerbread,/ˈdʒɪndʒərˌbrɛd/,Bánh quy gừng,Từ vựng về Giáng sinh
Eggnog,/ˈɛɡˌnɔɡ/,Rượu trứng,Từ vựng về Giáng sinh
Fireplace,/ˈfaɪərˌpleɪs/,"Lò sưởi, lò lửa",Từ vựng về Giáng sinh
Ornaments,/ˈɔrnəmənts/,Đồ trang trí,Từ vựng về Giáng sinh
Snowflake,/ˈsnoʊˌfleɪk/,Tuyết rơi,Từ vựng về Giáng sinh
Blue,/bluː/,Màu xanh dương,Từ vựng về màu sắc
Green,/ɡriːn/,Màu xanh lá cây,Từ vựng về màu sắc
Yellow,/ˈjɛloʊ/,Màu vàng,Từ vựng về màu sắc
Orange,/ˈɔrɪndʒ/,Màu cam,Từ vựng về màu sắc
Pink,/pɪŋk/,Màu hồng,Từ vựng về màu sắc
Purple,/ˈpɜrpl̩/,Màu tím,Từ vựng về màu sắc
Black,/blæk/,Màu đen,Từ vựng về màu sắc
White,/waɪt/,Màu trắng,Từ vựng về màu sắc
Gray,/ɡreɪ/,Màu xám,Từ vựng về màu sắc
Brown,/braʊn/,Màu nâu,Từ vựng về màu sắc
Silver,/ˈsɪlvər/,Màu bạc,Từ vựng về màu sắc
Gold,/ɡoʊld/,Màu vàng (vàng óng),Từ vựng về màu sắc
Turquoise,/ˈtɜrkwɔɪz/,Màu ngọc lam,Từ vựng về màu sắc
Magenta,/məˈdʒɛntə/,Màu đỏ hồng,Từ vựng về màu sắc
Indigo,/ˈɪndɪɡoʊ/,Màu chàm,Từ vựng về màu sắc
Coral,/ˈkɔrəl/,Màu san hô,Từ vựng về màu sắc
Beige,/beɪʒ/,Màu be,Từ vựng về màu sắc
Lavender,/ˈlævəndər/,Màu oải hương,Từ vựng về màu sắc
Maroon,/məˈrun/,Màu đỏ nâu,Từ vựng về màu sắc
Car,/kɑr/,Xe hơi,Từ vựng về phương tiện giao thông
Bus,/bʌs/,Xe buýt,Từ vựng về phương tiện giao thông
Train,/treɪn/,Tàu hỏa,Từ vựng về phương tiện giao thông
Bicycle,/ˈbaɪsɪkəl/,Xe đạp,Từ vựng về phương tiện giao thông
Motorcycle,/ˈmoʊtərˌsaɪkəl/,Xe máy,Từ vựng về phương tiện giao thông
Taxi,/ˈtæksi/,Xe taxi,Từ vựng về phương tiện giao thông
Subway,/ˈsʌbˌweɪ/,Xe điện ngầm,Từ vựng về phương tiện giao thông
Tram,/træm/,Xe điện,Từ vựng về phương tiện giao thông
Airplane,/ˈɛrˌpleɪn/,Máy bay,Từ vựng về phương tiện giao thông
Helicopter,/ˈhɛlɪˌkɑptər/,Trực thăng,Từ vựng về phương tiện giao thông
Ship,/ʃɪp/,Tàu,Từ vựng về phương tiện giao thông
Boat,/boʊt/,Thuyền,Từ vựng về phương tiện giao thông
Ferry,/ˈfɛri/,Phà,Từ vựng về phương tiện giao thông
Truck,/trʌk/,Xe tải,Từ vựng về phương tiện giao thông
Van,/væn/,Xe bán tải,Từ vựng về phương tiện giao thông
Scooter,/ˈskutər/,Xe tay ga,Từ vựng về phương tiện giao thông
Skateboard,/ˈskeɪtˌbɔrd/,Ván trượt,Từ vựng về phương tiện giao thông
Roller skates,/ˈroʊlər skeɪts/,Giày trượt bánh xe,Từ vựng về phương tiện giao thông
Segway,/ˈsɛɡweɪ/,Xe điện tự cân bằng,Từ vựng về phương tiện giao thông
Hot air balloon,/hɑt ɛr bəˈlun/,Khinh khí cầu,Từ vựng về phương tiện giao thông
Stop sign,/stɑp saɪn/,Biển stop,Từ vựng về biển báo giao thông
Yield sign,/jild saɪn/,Biển nhường đường,Từ vựng về biển báo giao thông
Speed limit,/spid ˈlɪmɪt/,Giới hạn tốc độ,Từ vựng về biển báo giao thông
No entry,/noʊ ˈɛntri/,Cấm vào,Từ vựng về biển báo giao thông
One-way,/wʌn-weɪ/,Đường một chiều,Từ vựng về biển báo giao thông
No parking,/noʊ ˈpɑrkɪŋ/,Cấm đỗ xe,Từ vựng về biển báo giao thông
Pedestrian crossing,/pəˈdɛstriən ˈkrɔsɪŋ/,Vạch qua đường cho người đi bộ,Từ vựng về biển báo giao thông
School zone,/skul zoʊn/,Khu vực trường học,Từ vựng về biển báo giao thông
Road work ahead,/roʊd wɜrk əˈhɛd/,Công trường trên đường,Từ vựng về biển báo giao thông
No U-turn,/noʊ ˈjuˈtɜrn/,Cấm quay đầu,Từ vựng về biển báo giao thông
Railroad crossing,/ˈreɪlˌroʊd ˈkrɔsɪŋ/,Vạch chung cầu đường,Từ vựng về biển báo giao thông
Trac light,/ˈtræfɪk laɪt/,Đèn giao thông,Từ vựng về biển báo giao thông
Bicycle lane,/ˈbaɪsɪkəl leɪn/,Làn đường cho xe đạp,Từ vựng về biển báo giao thông
No overtaking,/noʊ ˈoʊvərˌteɪkɪŋ/,Cấm vượt,Từ vựng về biển báo giao thông
Detour,/ˈdiːtʊr/,Đường vòng qua,Từ vựng về biển báo giao thông
Bus stop,/bʌs stɑp/,Bến xe buýt,Từ vựng về biển báo giao thông
Airport,/ˈɛrˌpɔrt/,Sân bay,Từ vựng về biển báo giao thông
Train station,/treɪn ˈsteɪʃən/,Ga tàu,Từ vựng về biển báo giao thông
Parking garage,/ˈpɑrkɪŋ ˈɡærɪdʒ/,Nhà để xe,Từ vựng về biển báo giao thông
Crosswalk,/ˈkrɔswɔk/,Vạch dành cho người đi bộ,Từ vựng về biển báo giao thông
Doctor,/ˈdɑktər/,Bác sĩ,Từ vựng về các nghề nghiệp
Teacher,/ˈtiːʧər/,Giáo viên,Từ vựng về các nghề nghiệp
Engineer,/ˌɛnʤɪˈnɪr/,Kỹ sư,Từ vựng về các nghề nghiệp
Lawyer,/ˈlɔjər/,Luật sư,Từ vựng về các nghề nghiệp
Nurse,/nɜrs/,Y tá,Từ vựng về các nghề nghiệp
Police ocer,/pəˈlis ˈɔfɪsər/,Cảnh sát,Từ vựng về các nghề nghiệp
Fireghter,/ˈfaɪrˌfaɪtər/,Lính cứu hỏa,Từ vựng về các nghề nghiệp
Chef,/ʃɛf/,Đầu bếp,Từ vựng về các nghề nghiệp
Accountant,/əˈkaʊntənt/,Kế toán viên,Từ vựng về các nghề nghiệp
Architect,/ˈɑr.kɪ.tɛkt/,Kiến trúc sư,Từ vựng về các nghề nghiệp
Programmer,/ˈproʊˌɡræmər/,Lập trình viên,Từ vựng về các nghề nghiệp
Writer,/ˈraɪtər/,Nhà văn,Từ vựng về các nghề nghiệp
Actor,/ˈæktər/,Diễn viên,Từ vựng về các nghề nghiệp
Singer,/ˈsɪŋər/,Ca sĩ,Từ vựng về các nghề nghiệp
Mechanic,/məˈkænɪk/,Thợ máy,Từ vựng về các nghề nghiệp
Electrician,/ɪˌlɛkˈtrɪʃən/,Thợ điện,Từ vựng về các nghề nghiệp
Carpenter,/ˈkɑrpəntər/,Thợ mộc,Từ vựng về các nghề nghiệp
Photographer,/fəˈtɑːɡrəfər/,Nhiếp ảnh gia,Từ vựng về các nghề nghiệp
Salesperson,/ˈseɪlzˌpɜrsən/,Nhân viên bán hàng,Từ vựng về các nghề nghiệp
Astronaut,/ˈæstrəˌnɔt/,Phi hành gia,Từ vựng về các nghề nghiệp
Doctor,/ˈdɑktər/,Bác sĩ,Từ vựng về sức khỏe
Patient,/ˈpeɪʃənt/,Bệnh nhân,Từ vựng về sức khỏe
Nurse,/nɜrs/,Y tá,Từ vựng về sức khỏe
Hospital,/ˈhɑːspɪtəl/,Bệnh viện,Từ vựng về sức khỏe
Medicine,/ˈmɛdɪsɪn/,Thuốc,Từ vựng về sức khỏe
Pharmacy,/ˈfɑrməsi/,Hiệu thuốc,Từ vựng về sức khỏe
Appointment,/əˈpɔɪntmənt/,Cuộc hẹn,Từ vựng về sức khỏe
Diagnosis,/ˌdaɪəɡˈnoʊsɪs/,Chẩn đoán,Từ vựng về sức khỏe
Prescription,/prɪˈskrɪpʃən/,Đơn thuốc,Từ vựng về sức khỏe
Surgery,/ˈsɜrdʒəri/,Phẫu thuật,Từ vựng về sức khỏe
Vaccine,/ˈvæksiːn/,Vắc-xin,Từ vựng về sức khỏe
Health,/hɛlθ/,Sức khỏe,Từ vựng về sức khỏe
Fitness,/ˈfɪtnɪs/,"Sức khỏe, thể chất",Từ vựng về sức khỏe
Exercise,/ˈɛksərˌsaɪz/,Tập thể dục,Từ vựng về sức khỏe
Nutrition,/nuˈtrɪʃən/,Dinh dưỡng,Từ vựng về sức khỏe
Wellness,/ˈwɛlnəs/,"Sự khỏe mạnh, sự an lành",Từ vựng về sức khỏe
Allergy,/ˈælərʤi/,Dị ứng,Từ vựng về sức khỏe
Fever,/ˈːvər/,Sốt,Từ vựng về sức khỏe
Headache,/ˈhɛdˌeɪk/,Đau đầu,Từ vựng về sức khỏe
Stress,/strɛs/,Căng thẳng,Từ vựng về sức khỏe
Fever,/ˈːvər/,Sốt,Từ vựng về các loại bệnh
Cough,/kɑf/,Ho,Từ vựng về các loại bệnh
Headache,/ˈhɛdˌeɪk/,Đau đầu,Từ vựng về các loại bệnh
Sore throat,/sɔr θroʊt/,Đau họng,Từ vựng về các loại bệnh
Runny nose,/ˈrʌni noʊz/,Sổ mũi,Từ vựng về các loại bệnh
Sneezing,/ˈsnizɪŋ/,Hắt hơi,Từ vựng về các loại bệnh
Fatigue,/fəˈtiːɡ/,Mệt mỏi,Từ vựng về các loại bệnh
Nausea,/ˈnɔːziə/,Buồn nôn,Từ vựng về các loại bệnh
Dizziness,/ˈdɪznəs/,Chóng mặt,Từ vựng về các loại bệnh
Vomiting,/ˈvɑmɪtɪŋ/,Nôn mửa,Từ vựng về các loại bệnh
Diarrhea,/daɪəˈriə/,Tiêu chảy,Từ vựng về các loại bệnh
Rash,/ræʃ/,Nổi mẩn,Từ vựng về các loại bệnh
Swelling,/ˈswɛlɪŋ/,Sưng,Từ vựng về các loại bệnh
Fatigue,/fəˈtiːɡ/,Mệt mỏi,Từ vựng về các loại bệnh
Chills,/ʧɪlz/,Rùng mình,Từ vựng về các loại bệnh
Shortness of breath,/ˈʃɔrtnəs ʌv brɛθ/,Khó thở,Từ vựng về các loại bệnh
Stomachache,/ˈstʌməkˌeɪk/,Đau bụng,Từ vựng về các loại bệnh
Back pain,/bæk peɪn/,Đau lưng,Từ vựng về các loại bệnh
Joint pain,/ʤɔɪnt peɪn/,Đau khớp,Từ vựng về các loại bệnh
Numbness,/ˈnʌmnəs/,Tê liệt,Từ vựng về các loại bệnh
Curriculum,/kəˈrɪkjələm/,Chương trình học,Từ vựng về giáo dục
Classroom,/ˈklæsruːm/,Lớp học,Từ vựng về giáo dục
Teacher,/ˈtiːʧər/,Giáo viên,Từ vựng về giáo dục
Student,/ˈstjuːdənt/,Học sinh,Từ vựng về giáo dục
Learning,/ˈlɜːrnɪŋ/,Việc học,Từ vựng về giáo dục
Knowledge,/ˈnɑːlɪdʒ/,Kiến thức,Từ vựng về giáo dục
Homework,/ˈhoʊmwɜːrk/,Bài tập về nhà,Từ vựng về giáo dục
Assignment,/əˈsaɪnmənt/,Bài tập được giao,Từ vựng về giáo dục
Test,/tɛst/,Bài kiểm tra,Từ vựng về giáo dục
Exam,/ɪɡˈzæm/,Kỳ thi,Từ vựng về giáo dục
Grade,/ɡreɪd/,Điểm số,Từ vựng về giáo dục
School,/skuːl/,Trường học,Từ vựng về giáo dục
University,/ˌjuːnɪˈvɜːrsɪti/,Đại học,Từ vựng về giáo dục
Lecture,/ˈlɛkʧər/,Bài giảng,Từ vựng về giáo dục
Research,/rɪˈsɜːrtʃ/,Nghiên cứu,Từ vựng về giáo dục
Library,/ˈlaɪbrəri/,Thư viện,Từ vựng về giáo dục
Degree,/dɪˈɡriː/,Bằng cấp,Từ vựng về giáo dục
Scholarships,/ˈskɒlərʃɪps/,Học bổng,Từ vựng về giáo dục
Distance learning,/ˈdɪstəns ˈlɜːrnɪŋ/,Học từ xa,Từ vựng về giáo dục
Extracurricular,/ˌɛkstrəkəˈrɪkjələr/,Ngoại khóa,Từ vựng về giáo dục
Mathematics,/ˌmæθəˈmætɪks/,Toán học,Từ vựng về các môn học
Science,/ˈsaɪəns/,Khoa học,Từ vựng về các môn học
History,/ˈhɪstəri/,Lịch sử,Từ vựng về các môn học
Geography,/dʒiˈɑːɡrə/,Địa lý,Từ vựng về các môn học
Literature,/ˈlɪtərətʃər/,Văn học,Từ vựng về các môn học
English,/ˈɪŋɡlɪʃ/,Tiếng Anh,Từ vựng về các môn học
Art,/ɑːrt/,Mỹ thuật,Từ vựng về các môn học
Music,/ˈmjuːzɪk/,m nhạc,Từ vựng về các môn học
Physical Education,/ˈfɪzɪkəl ˌɛdjuˈkeɪʃən/,Giáo dục thể chất,Từ vựng về các môn học
Chemistry,/ˈkɛmɪstri/,Hóa học,Từ vựng về các môn học
Physics,/ˈfɪzɪks/,Vật lý,Từ vựng về các môn học
Biology,/baɪˈɑːlədʒi/,Sinh học,Từ vựng về các môn học
Economics,/ˌiːkəˈnɑːmɪks/,Kinh tế,Từ vựng về các môn học
Psychology,/saɪˈkɒlədʒi/,Tâm lý học,Từ vựng về các môn học
Sociology,/ˌsoʊsiˈɒlədʒi/,Xã hội học,Từ vựng về các môn học
Computer Science,/kəmˈpjuːtər ˈsaɪəns/,Khoa học máy tính,Từ vựng về các môn học
Foreign Language,/ˈfɔːrən ˈlæŋɡwɪdʒ/,Ngoại ngữ,Từ vựng về các môn học
Ethics,/ˈɛθɪks/,Đạo đức,Từ vựng về các môn học
Philosophy,/fɪˈlɒsə/,Triết học,Từ vựng về các môn học
Political Science,/pəˈlɪtɪkəl ˈsaɪəns/,Khoa học chính trị,Từ vựng về các môn học
Communication,/kəˌmjuːnɪˈkeɪʃən/,Giao tiếp,Từ vựng về kỹ năng
Leadership,/ˈliːdərʃɪp/,Lãnh đạo,Từ vựng về kỹ năng
Teamwork,/ˈtiːmwɜːrk/,Làm việc nhóm,Từ vựng về kỹ năng
Problem-solving,/ˈprɒbləm ˈsɒlvɪŋ/,Giải quyết vấn đề,Từ vựng về kỹ năng
Adaptability,/əˌdæptəˈbɪləti/,Tính thích nghi,Từ vựng về kỹ năng
Time management,/taɪm ˈmænɪdʒmənt/,Quản lý thời gian,Từ vựng về kỹ năng
Critical thinking,/ˈkrɪtɪkəl ˈθɪŋkɪŋ/,Tư duy phản biện,Từ vựng về kỹ năng
Creativity,/kriːeɪˈtɪvɪti/,Sáng tạo,Từ vựng về kỹ năng
Emotional intelligence,/ɪˌmoʊʃənəl ˌɪnˈtɛlɪdʒəns/,Trí tuệ cảm xúc,Từ vựng về kỹ năng
Collaboration,/kəˌlæbəˈreɪʃən/,Hợp tác,Từ vựng về kỹ năng
Conflict resolution,/ˈkɒnflɪkt ˌrɛzəˈluːʃən/,Giải quyết xung đột,Từ vựng về kỹ năng
Decision-making,/dɪˈsɪʒən ˌmeɪkɪŋ/,Quyết định,Từ vựng về kỹ năng
Negotiation,/nɪˌɡoʊʃiˈeɪʃən/,Đàm phán,Từ vựng về kỹ năng
Presentation skills,/ˌprɛzənˈteɪʃən ˈskɪlz/,Kỹ năng thuyết trình,Từ vựng về kỹ năng
Interpersonal skills,/ˌɪntərˈpɜːrsənəl ˈskɪlz/,Kỹ năng giao tiếp,Từ vựng về kỹ năng
Networking,/ˈnɛtˌwɜːrkɪŋ/,Mạng lưới,Từ vựng về kỹ năng
Self-motivation,/ˌsɛlf ˌmoʊtɪˈveɪʃən/,Tự thúc đẩy,Từ vựng về kỹ năng
Empathy,/ˈɛmpəθi/,Đồng cảm,Từ vựng về kỹ năng
Conflict management,/ˈkɒnflɪkt ˈmænɪdʒmənt/,Quản lý xung đột,Từ vựng về kỹ năng
Tet,/tɛt/,Tết,Từ vựng về các lễ hội ở Việt Nam
Mid-Autumn Festival,/mɪd ˈɔːtən ˈfɛstəvəl/,Tết Trung Thu,Từ vựng về các lễ hội ở Việt Nam
Lantern Festival,/ˈlæntərn ˈfɛstəvəl/,Lễ hội đèn lồng,Từ vựng về các lễ hội ở Việt Nam
Hue Festival,/hjuː ˈfɛstəvəl/,Festival Huế,Từ vựng về các lễ hội ở Việt Nam
Da Lat Flower Festival,/dɑː lɑːt ˈflaʊər ˈfɛstəvəl/,Lễ hội hoa Đà Lạt,Từ vựng về các lễ hội ở Việt Nam
Bualo Fighting Festival,/ˈbʌfəloʊ ˈfaɪtɪŋ ˈfɛstəvəl/,Lễ hội đấu trâu,Từ vựng về các lễ hội ở Việt Nam
Reunication Day,/ˌriːjunɪfɪˈkeɪʃən ˈdeɪ/,Ngày Thống nhất,Từ vựng về các lễ hội ở Việt Nam
Victory Day,/ˈvɪktəri ˈdeɪ/,Ngày Chiến thắng,Từ vựng về các lễ hội ở Việt Nam
Lantern Festival,/ˈlæntərn ˈfɛstəvəl/,Lễ hội đèn lồng,Từ vựng về các lễ hội ở Việt Nam
Vietnamese New Year,/viˌɛtnəˈmis njuː ˈjɪr/,Nămmới theo lịch Việt,Từ vựng về các lễ hội ở Việt Nam
Nguyen Tieu Festival,/nʊjɛn tiːˈjuː ˈfɛstəvəl/,Lễ hội Nguyên Tiêu,Từ vựng về các lễ hội ở Việt Nam
Cau Ngu Festival,/kɑː nuː ˈfɛstəvəl/,Lễ hội Cầu Ngư,Từ vựng về các lễ hội ở Việt Nam
Giong Festival,/ɡiːɒŋ ˈfɛstəvəl/,Lễ hội Gióng,Từ vựng về các lễ hội ở Việt Nam
Kate Festival,/keɪt ˈfɛstəvəl/,Lễ hội Kate,Từ vựng về các lễ hội ở Việt Nam
Mooncake,/ˈmuːnkeɪk/,Bánh trung thu,Từ vựng về Tết trung thu
Lantern,/ˈlæntərn/,Đèn lồng,Từ vựng về Tết trung thu
Mid-Autumn Festival,/mɪd ˈɔːtən ˈfɛstəvəl/,Lễ hội Trung thu,Từ vựng về Tết trung thu
Full moon,/fʊl mun/,Trăng tròn,Từ vựng về Tết trung thu
Family reunion,/ˈfæməli ˌriːˈjunjən/,Đoàn tụ gia đình,Từ vựng về Tết trung thu
Moon gazing,/mun ˈɡeɪzɪŋ/,Nhìn trăng,Từ vựng về Tết trung thu
Mooncake making,/ˈmuːnkeɪk ˌmeɪkɪŋ/,Làm bánh trung thu,Từ vựng về Tết trung thu
Festival,/ˈfɛstəvəl/,Lễ hội,Từ vựng về Tết trung thu
Tradition,/trəˈdɪʃən/,Truyền thống,Từ vựng về Tết trung thu
Lantern procession,/ˈlæntərn prəˈsɛʃən/,Diễu hành đèn lồng,Từ vựng về Tết trung thu
Moon worship,/mun ˈwɜːrʃɪp/,Tế thần trăng,Từ vựng về Tết trung thu
Harvest,/ˈhɑːrvɪst/,Mùa thu hoạch,Từ vựng về Tết trung thu
Moon festival games,/mun ˈfɛstəvəl ɡeɪmz/,Trò chơi trong lễ hội Trung thu,Từ vựng về Tết trung thu
Mooncake exchange,/ˈmuːnkeɪk ɪksˈtʃeɪndʒ/,Trao đổi bánh trung thu,Từ vựng về Tết trung thu
Delicious,/dɪˈlɪʃəs/,Ngon,Từ vựng về Tết trung thu
Mooncake box,/ˈmuːnkeɪk bɒks/,Hộp bánh trung thu,Từ vựng về Tết trung thu
Lantern riddles,/ˈlæntərn ˈrɪdəlz/,Đố đèn lồng,Từ vựng về Tết trung thu
Lotus,/ˈloʊtəs/,Sen,Từ vựng về Tết trung thu
Pomelo,/ˈpɒməloʊ/,Bưởi,Từ vựng về Tết trung thu
Mooncake lling,/ˈmuːnkeɪk ˈfɪlɪŋ/,Nhân bánh trung thu,Từ vựng về Tết trung thu
Folk Games,/foʊk ɡeɪmz/,Trò chơi dân gian,Từ vựng về trò chơi dân gian
Tug of War,/tʌɡ ʌv wɔːr/,Kéo co,Từ vựng về trò chơi dân gian
Blind Man's Blu,/blaɪnd mænz blʌf/,Trò chơi Bịp bợm,Từ vựng về trò chơi dân gian
Shuttlecock,/ˈʃʌtl̩kɒk/,Cầu lông,Từ vựng về trò chơi dân gian
Hopscotch,/ˈhɑːpskɑːtʃ/,Nhảy chân,Từ vựng về trò chơi dân gian
Marbles,/ˈmɑːrbəlz/,Bi gỗ,Từ vựng về trò chơi dân gian
Skipping Rope,/ˈskɪpɪŋ roʊp/,Thảy dây,Từ vựng về trò chơi dân gian
Bamboo Stilts,/ˈbæmbuː stɪlts/,Giày gỗ,Từ vựng về trò chơi dân gian
Mancala,/mæŋˈkɑːlə/,Cờ cá ngựa,Từ vựng về trò chơi dân gian
Kite Flying,/kaɪt ˈflaɪɪŋ/,Lao diều,Từ vựng về trò chơi dân gian
Cockghting,/ˈkɒkˌfaɪtɪŋ/,Đá gà,Từ vựng về trò chơi dân gian
Fan Dancing,/fæn ˈdænsɪŋ/,Múa quạt,Từ vựng về trò chơi dân gian
Water Puppetry,/ˈwɔːtər ˈpʌpɪtri/,Múa rối nước,Từ vựng về trò chơi dân gian
Jackstones,/ˈdʒækstənz/,Bài tát,Từ vựng về trò chơi dân gian
Five Stones,/faɪv stoʊnz/,Ném gạch,Từ vựng về trò chơi dân gian
Congkak,/ˈtʃɒŋkæk/,Cờ cau,Từ vựng về trò chơi dân gian
Stick and Hoop,/stɪk ænd hup/,Đu quay,Từ vựng về trò chơi dân gian
Cat's Cradle,/kæts ˈkreɪdəl/,Dây nhảy cầu,Từ vựng về trò chơi dân gian
Pinata,/pɪˈnɑːtə/,Búp bê đập,Từ vựng về trò chơi dân gian
Egg Rolling,/ɛɡ ˈroʊlɪŋ/,Lăn trứng,Từ vựng về trò chơi dân gian
Culture,/ˈkʌltʃər/,Văn hóa,Từ vựng về văn hóa
Tradition,/trəˈdɪʃən/,Truyền thống,Từ vựng về văn hóa
Customs,/ˈkʌstəmz/,Phong tục,Từ vựng về văn hóa
Heritage,/ˈherɪtɪdʒ/,Di sản,Từ vựng về văn hóa
Ritual,/ˈrɪtʃuəl/,Nghi lễ,Từ vựng về văn hóa
Ceremony,/ˈsɛrəˌmoʊni/,Lễ nghi,Từ vựng về văn hóa
Folklore,/ˈfoʊklɔːr/,Văn hóa dân gian,Từ vựng về văn hóa
Artifacts,/ˈɑːrtɪˌfækts/,Đồ cổ,Từ vựng về văn hóa
Cultural Exchange,/ˈkʌltʃərəl ɪksˈʧeɪndʒ/,Trao đổi văn hóa,Từ vựng về văn hóa
Diversity,/daɪˈvɜrsɪti/,Đa dạng,Từ vựng về văn hóa
Multicultural,/ˌmʌltiˈkʌltʃərəl/,Đa văn hóa,Từ vựng về văn hóa
Ethnicity,/ɛθˈnɪsɪti/,Dân tộc,Từ vựng về văn hóa
Language,/ˈlæŋɡwɪʤ/,Ngôn ngữ,Từ vựng về văn hóa
Cuisine,/kwɪˈzin/,Ẩm thực,Từ vựng về văn hóa
Festivals,/ˈfɛstəvəlz/,Lễ hội,Từ vựng về văn hóa
Symbols,/ˈsɪmbəlz/,Biểu tượng,Từ vựng về văn hóa
Cultural Identity,/ˈkʌltʃərəl aɪˈdɛntɪti/,Nhận thức văn hóa,Từ vựng về văn hóa
Cultural Heritage,/ˈkʌltʃərəl ˈhɛrɪtɪdʒ/,Di sản văn hóa,Từ vựng về văn hóa
Artistic,/ɑːrˈtɪstɪk/,Mỹ thuật,Từ vựng về văn hóa
Values,/ˈvæljuːz/,Giá trị,Từ vựng về văn hóa
Art,/ɑːrt/,Nghệ thuật,Từ vựng về nghệ thuật
Painting,/ˈpeɪntɪŋ/,Tranh,Từ vựng về nghệ thuật
Sculpture,/ˈskʌlpʧər/,Điêu khắc,Từ vựng về nghệ thuật
Drawing,/ˈdrɔːɪŋ/,Vẽ,Từ vựng về nghệ thuật
Photography,/fəˈtɑːɡrə/,Nhiếp ảnh,Từ vựng về nghệ thuật
Gallery,/ˈɡæləri/,Phòng trưng bày,Từ vựng về nghệ thuật
Exhibit,/ɪɡˈzɪbɪt/,Triển lãm,Từ vựng về nghệ thuật
Sculptor,/ˈskʌlpʧər/,Nhà điêu khắc,Từ vựng về nghệ thuật
Brush,/brʌʃ/,Cọ,Từ vựng về nghệ thuật
Palette,/ˈpælɪt/,Bảng màu,Từ vựng về nghệ thuật
Canvas,/ˈkænvəs/,Bức tranh,Từ vựng về nghệ thuật
Sketch,/skɛtʃ/,Bản phác thảo,Từ vựng về nghệ thuật
Pottery,/ˈpɑːtəri/,Gốm sứ,Từ vựng về nghệ thuật
Ceramics,/səˈræmɪks/,Gốm sứ,Từ vựng về nghệ thuật
Abstract,/ˈæbstrækt/,Trừu tượng,Từ vựng về nghệ thuật
Landscape,/ˈlændskeɪp/,Phong cảnh,Từ vựng về nghệ thuật
Portrait,/ˈpɔːrtrət/,Chân dung,Từ vựng về nghệ thuật
Artistic,/ɑːrˈtɪstɪk/,Mỹ thuật,Từ vựng về nghệ thuật
Composition,/ˌkɑːmpəˈzɪʃən/,Cách bố trí,Từ vựng về nghệ thuật
Artwork,/ˈɑːrtwɜːrk/,Tác phẩm nghệ thuật,Từ vựng về nghệ thuật
Entrepreneur,/ˌɑːntrəprəˈnər/,Doanh nhân,Từ vựng về kinh doanh
Start-up,/ˈstɑːrtʌp/,Công ty khởi nghiệp,Từ vựng về kinh doanh
Investor,/ɪnˈvɛstər/,Nhà đầu tư,Từ vựng về kinh doanh
Prot,/ˈprɒfɪt/,Lợi nhuận,Từ vựng về kinh doanh
Loss,/lɔːs/,Lỗ,Từ vựng về kinh doanh
Market,/ˈmɑrkɪt/,Thị trường,Từ vựng về kinh doanh
Sales,/seɪlz/,Doanh số,Từ vựng về kinh doanh
Customer,/ˈkʌstəmər/,Khách hàng,Từ vựng về kinh doanh
Advertising,/ˈædvərˌtaɪzɪŋ/,Quảng cáo,Từ vựng về kinh doanh
Brand,/brænd/,Thương hiệu,Từ vựng về kinh doanh
Partnership,/ˈpɑrtnərˌʃɪp/,Đối tác,Từ vựng về kinh doanh
Investment,/ɪnˈvɛstmənt/,Đầu tư,Từ vựng về kinh doanh
Competition,/ˌkɑmpəˈtɪʃən/,Cạnh tranh,Từ vựng về kinh doanh
Strategy,/ˈstrætəʤi/,Chiến lược,Từ vựng về kinh doanh
Entrepreneurship,/ˌɑːntrəprəˈnɜrʃɪp/,Tinh thần khởi nghiệp,Từ vựng về kinh doanh
Stock,/stɑk/,Cổ phiếu,Từ vựng về kinh doanh
Revenue,/ˈrɛvəˌnjuː/,Doanh thu,Từ vựng về kinh doanh
Partnership,/ˈpɑrtnərˌʃɪp/,Đối tác,Từ vựng về kinh doanh
Negotiation,/nɪˌɡoʊʃiˈeɪʃən/,Đàm phán,Từ vựng về kinh doanh
Collaboration,/kəˌlæbəˈreɪʃən/,Hợp tác,Từ vựng về kinh doanh
Urban,/ˈɜːrbən/,Đô thị,Từ vựng về thành phố
Downtown,/ˈdaʊntaʊn/,Trung tâm thành phố,Từ vựng về thành phố
Suburb,/ˈsʌrbɜːrb/,Ngoại ô,Từ vựng về thành phố
Skyline,/ˈskaɪlaɪn/,Đường chân trời,Từ vựng về thành phố
Trac,/ˈtræfɪk/,Giao thông,Từ vựng về thành phố
Pedestrian,/pəˈdɛstriən/,Người đi bộ,Từ vựng về thành phố
Avenue,/ˈævənuː/,Đại lộ,Từ vựng về thành phố
Boulevard,/ˈbuːləˌvɑːrd/,Đại lộ,Từ vựng về thành phố
Intersection,/ˌɪntərˈsɛkʃən/,Ngã tư,Từ vựng về thành phố
Sidewalk,/ˈsaɪdwɔːk/,Vỉa hè,Từ vựng về thành phố
Park,/pɑːrk/,Công viên,Từ vựng về thành phố
Museum,/mjuːˈziəm/,Bảo tàng,Từ vựng về thành phố
Library,/ˈlaɪbrəri/,Thư viện,Từ vựng về thành phố
Restaurant,/ˈrɛstərɒnt/,Nhà hàng,Từ vựng về thành phố
Shopping mall,/ˈʃɑpɪŋmɔːl/,Trung tâmmua sắm,Từ vựng về thành phố
Skyscraper,/ˈskaɪˌskreɪpər/,Tòa nhà chọc trời,Từ vựng về thành phố
Neighborhood,/ˈneɪbərˌhʊd/,Khu phố,Từ vựng về thành phố
Public transport,/ˈpʌblɪk ˈtrænspɔːrt/,Phương tiện giao thông công cộng,Từ vựng về thành phố
Landmark,/ˈlændmɑːrk/,Địa danh nổi tiếng,Từ vựng về thành phố
Fountain,/ˈfaʊntɪn/,Đài phun nước,Từ vựng về thành phố
United States,/juːˌnaɪtɪd ˈsteɪts/,Hoa Kỳ,Từ vựng về tên các nước
Canada,/ˈkænədə/,Canada,Từ vựng về tên các nước
Mexico,/ˈmɛksɪkoʊ/,Mexico,Từ vựng về tên các nước
Brazil,/brəˈzɪl/,Brazil,Từ vựng về tên các nước
France,/fræns/,Pháp,Từ vựng về tên các nước
Germany,/ˈdʒɜːrməni/,Đức,Từ vựng về tên các nước
Italy,/ˈɪtəli/,Ý,Từ vựng về tên các nước
Spain,/speɪn/,Tây Ban Nha,Từ vựng về tên các nước
United Kingdom,/juːˌnaɪtɪd ˈkɪŋdəm/,Vương quốc Anh,Từ vựng về tên các nước
Russia,/ˈrʌʃə/,Nga,Từ vựng về tên các nước
China,/ˈtʃaɪnə/,Trung Quốc,Từ vựng về tên các nước
Japan,/dʒəˈpæn/,Nhật Bản,Từ vựng về tên các nước
India,/ˈɪndiə/,Ấn Độ,Từ vựng về tên các nước
Australia,/ɔːˈstreɪliə/,Úc,Từ vựng về tên các nước
South Korea,/saʊθ kəˈriə/,Hàn Quốc,Từ vựng về tên các nước
Saudi Arabia,/ˌsɔːdi əˈreɪbiə/,Ả Rập Xê Út,Từ vựng về tên các nước
Egypt,/ˈiːdʒɪpt/,Ai Cập,Từ vựng về tên các nước
South Africa,/saʊθ ˈæfrɪkə/,Nam Phi,Từ vựng về tên các nước
Nigeria,/naɪˈdʒɪəriə/,Nigeria,Từ vựng về tên các nước
Argentina,/ˌɑːrʤənˈtiːnə/,Argentina,Từ vựng về tên các nước
Colleague,/ˈkɒliːɡ/,Đồng nghiệp,Từ vựng về đời sống công sở
Manager,/ˈmænɪdʒər/,Quản lý,Từ vựng về đời sống công sở
Meeting,/ˈmiːtɪŋ/,Cuộc họp,Từ vựng về đời sống công sở
Deadline,/ˈdɛd.laɪn/,Hạn chót,Từ vựng về đời sống công sở
Project,/ˈprɒdʒɛkt/,Dự án,Từ vựng về đời sống công sở
Presentation,/ˌprɛz.ənˈteɪ.ʃən/,Bài thuyết trình,Từ vựng về đời sống công sở
Teamwork,/ˈtiːm.wɜːk/,Làm việc nhóm,Từ vựng về đời sống công sở
Email,/ˈiːmeɪl/,Email,Từ vựng về đời sống công sở
Report,/rɪˈpɔːt/,Báo cáo,Từ vựng về đời sống công sở
Schedule,/ˈʃɛdjuːl/,Lịch trình,Từ vựng về đời sống công sở
Overtime,/ˈəʊ.və.taɪm/,Làm thêm giờ,Từ vựng về đời sống công sở
Promotion,/prəˈməʊ.ʃən/,Thăng chức,Từ vựng về đời sống công sở
Conference,/ˈkɒn.fər.əns/,Hội nghị,Từ vựng về đời sống công sở
Workload,/ˈwɜːk.loʊd/,Khối lượng công việc,Từ vựng về đời sống công sở
Oce,/ˈɒf.ɪs/,Văn phòng,Từ vựng về đời sống công sở
Desk,/dɛsk/,Bàn làm việc,Từ vựng về đời sống công sở
Meeting room,/ˈmiːtɪŋ ruːm/,Phòng họp,Từ vựng về đời sống công sở
Printer,/ˈprɪn.tər/,Máy in,Từ vựng về đời sống công sở
Deadline,/ˈdɛd.laɪn/,Hạn chót,Từ vựng về đời sống công sở
Business trip,/ˈbɪz.nəs trɪp/,Chuyến công tác,Từ vựng về đời sống công sở
